"filename";"TotalPeopleInBurst";"MaximumCodeBurstLate";"NumberOfChanges";"MaxPeopleInBurst";"TotalBurstSizeLate";"NumberCodeBurstsLate";"NumberOfChangesLate";"NumberOfChangesEarly";"MaxChurnInBurst";"MaximumCodeBurstEarly";"NumberCodeBurstsEarly";"TimeFirstBurst";"TotalChurnInBurst";"ChurnTotal";"MaximumCodeBurst";"NumberOfConsecutiveChangesEarly";"NumberConsecutiveChangesLate";"TotalBurstSizeEarly";"TotalBurstSize";"TimeMaxBurst";"NumberConsecutiveChanges";"TimeLastBurst";"NumberCodeBursts";"PeopleTotal";"bugs"
"1";"org.eclipse.ui.views.bookmarkexplorer";0;0;6;0;0;0;0;6;0;0;0;-1;0;567;0;3;0;0;0;-1;3;-1;0;3;0
"2";"org.eclipse.update.internal.operations";0;0;4;0;0;0;0;4;0;0;0;-1;0;14;0;0;0;0;0;-1;0;-1;0;1;0
"3";"org.eclipse.pde.internal.core.schema";0;0;7;0;0;0;0;7;0;0;0;-1;0;6;0;0;0;0;0;-1;0;-1;0;1;0
"4";"org.eclipse.jdt.internal.compiler.classfmt";0;0;14;0;0;0;0;14;0;0;0;-1;0;0;0;8;0;0;0;-1;8;-1;0;0;1
"5";"org.eclipse.jdt.internal.core.hierarchy";0;0;13;0;0;0;0;13;0;0;0;-1;0;0;0;5;0;0;0;-1;5;-1;0;0;3
"6";"org.eclipse.team.internal.ui.wizards";0;0;5;0;0;0;0;5;0;0;0;-1;0;0;0;1;0;0;0;-1;1;-1;0;0;0
"7";"org.eclipse.ui.externaltools.internal.program.launchConfigurations";0;0;3;0;0;0;0;3;0;0;0;-1;0;0;0;0;0;0;0;-1;0;-1;0;0;0
"8";"org.eclipse.jdi";0;0;2;0;0;0;0;2;0;0;0;-1;0;0;0;0;0;0;0;-1;0;-1;0;0;0
"9";"org.eclipse.debug.ui";0;0;13;0;0;0;0;13;199;0;1;33;199;54;6;7;0;6;6;33;7;33;1;2;1
"10";"org.eclipse.core.internal.localstore";0;0;9;0;0;0;0;9;0;0;0;-1;0;18;0;2;0;0;0;-1;2;-1;0;2;4
"11";"org.eclipse.ui.internal.intro.impl.parts";0;0;7;0;0;0;4;3;0;0;0;-1;0;0;0;0;2;0;0;-1;2;-1;0;0;0
"12";"org.eclipse.pde.internal.build.builder";0;0;7;0;0;0;0;7;0;0;0;-1;0;0;0;3;0;0;0;-1;3;-1;0;0;0
"13";"org.eclipse.osgi.framework.eventmgr";0;0;4;0;0;0;2;2;0;0;0;-1;0;0;0;1;0;0;0;-1;1;-1;0;0;0
"14";"org.eclipse.jdt.internal.junit.wizards";0;0;4;0;0;0;0;4;0;0;0;-1;0;0;0;0;0;0;0;-1;0;-1;0;1;2
"15";"org.eclipse.core.resources.team";0;0;3;0;0;0;1;2;0;0;0;-1;0;0;0;0;0;0;0;-1;0;-1;0;0;0
"16";"org.eclipse.search2.internal.ui.text";0;0;8;0;0;0;1;7;0;0;0;-1;0;0;0;1;0;0;0;-1;1;-1;0;0;2
"17";"org.eclipse.pde.internal.core.iproduct";0;0;3;0;0;0;0;3;0;0;0;-1;0;46;0;1;0;0;0;-1;1;-1;0;2;0
"18";"org.eclipse.swt.internal.gdip";0;0;3;0;0;0;0;3;0;0;0;-1;0;10;0;1;0;0;0;-1;1;-1;0;2;3
"19";"org.eclipse.update.core";0;0;4;0;0;0;0;4;0;0;0;-1;0;24;0;0;0;0;0;-1;0;-1;0;2;0
"20";"org.eclipse.ant.internal.ui.antsupport.inputhandler";0;0;5;0;0;0;1;4;0;0;0;-1;0;21;0;1;0;0;0;-1;1;-1;0;1;2
"21";"org.eclipse.ui.commands";0;0;11;0;0;0;0;11;0;0;0;-1;0;0;0;5;0;0;0;-1;5;-1;0;1;0
"22";"org.eclipse.debug.internal.core.sourcelookup.containers";0;0;4;0;0;0;0;4;0;0;0;-1;0;14;0;1;0;0;0;-1;1;-1;0;2;0
"23";"org.eclipse.ui.externaltools.internal.launchConfigurations";0;0;7;0;0;0;0;7;0;0;0;-1;0;0;0;2;0;0;0;-1;2;-1;0;0;2
"24";"org.eclipse.core.internal.plugins";0;0;4;0;0;0;0;4;0;0;0;-1;0;0;0;2;0;0;0;-1;2;-1;0;0;0
"25";"org.eclipse.core.internal.indexing";0;0;4;0;0;0;0;4;0;0;0;-1;0;215;0;1;0;0;0;-1;1;-1;0;2;0
"26";"org.eclipse.ui.internal.part";0;0;5;0;0;0;0;5;0;0;0;-1;0;219;0;3;0;0;0;-1;3;-1;0;3;0
"27";"org.eclipse.compare.internal";0;0;6;0;0;0;1;5;0;0;0;-1;0;16;0;1;0;0;0;-1;1;-1;0;1;2
"28";"org.eclipse.compare.structuremergeviewer";0;0;3;0;0;0;0;3;0;0;0;-1;0;16;0;0;0;0;0;-1;0;-1;0;1;0
"29";"org.eclipse.team.internal.ccvs.core.client";0;0;8;0;0;0;0;8;0;0;0;-1;0;65;0;2;0;0;0;-1;2;-1;0;1;1
"30";"org.eclipse.jdt.core";0;0;8;0;0;0;0;8;0;0;0;-1;0;81;0;3;0;0;0;-1;3;-1;0;3;8
"31";"org.eclipse.swt.ole.win32";0;0;7;0;0;0;0;7;0;0;0;-1;0;32;0;2;0;0;0;-1;2;-1;0;2;0
"32";"org.eclipse.jdt.internal.debug.ui.jres";0;0;7;0;0;0;1;6;0;0;0;-1;0;8;0;2;0;0;0;-1;2;-1;0;1;2
"33";"org.eclipse.jface.text.templates.persistence";0;0;6;0;0;0;2;4;0;0;0;-1;0;0;0;0;0;0;0;-1;0;-1;0;0;0
"34";"org.eclipse.ant.internal.ui.debug.model";0;0;9;0;0;0;0;9;0;0;0;-1;0;216;0;4;0;0;0;-1;4;-1;0;3;1
"35";"org.eclipse.search.internal.ui";0;0;7;0;0;0;1;6;0;0;0;-1;0;22;0;0;0;0;0;-1;0;-1;0;3;3
"36";"org.eclipse.jdt.internal.ui.javaeditor.selectionactions";0;0;7;0;0;0;1;6;0;0;0;-1;0;0;0;1;0;0;0;-1;1;-1;0;0;0
"37";"org.eclipse.pde.internal.ui.preferences";0;0;9;0;0;0;0;9;0;0;0;-1;0;0;0;2;0;0;0;-1;2;-1;0;0;0
"38";"org.eclipse.jdt.internal.formatter";0;0;6;0;0;0;0;6;0;0;0;-1;0;0;0;2;0;0;0;-1;2;-1;0;0;3
"39";"org.eclipse.jdt.internal.corext.dom.fragments";0;0;3;0;0;0;1;2;0;0;0;-1;0;30;0;1;0;0;0;-1;1;-1;0;2;0
"40";"org.eclipse.compare.contentmergeviewer";0;0;5;0;0;0;0;5;0;0;0;-1;0;0;0;2;0;0;0;-1;2;-1;0;0;0
"41";"org.eclipse.ui.internal.preferences";0;0;3;0;0;0;0;3;0;0;0;-1;0;32;0;1;0;0;0;-1;1;-1;0;3;1
"42";"org.eclipse.team.internal.ui.preferences";0;0;12;0;0;0;2;10;0;0;0;-1;0;0;0;4;1;0;0;-1;5;-1;0;0;0
"43";"org.eclipse.jdt.internal.debug.eval.ast.engine";0;0;6;0;0;0;1;5;0;0;0;-1;0;0;0;2;0;0;0;-1;2;-1;0;0;2
"44";"org.eclipse.search.internal.ui.util";0;0;4;0;0;0;0;4;0;0;0;-1;0;8;0;0;0;0;0;-1;0;-1;0;1;1
"45";"org.eclipse.pde.internal.ui.parts";0;0;3;0;0;0;0;3;0;0;0;-1;0;39;0;1;0;0;0;-1;1;-1;0;2;0
"46";"org.eclipse.team.internal.ccvs.ui.subscriber";1;0;19;1;0;0;1;18;2648;0;1;35;2648;448;11;10;0;11;11;35;10;35;1;2;0
"47";"org.eclipse.debug.internal.ui.memory";0;0;5;0;0;0;1;4;0;0;0;-1;0;208;0;1;0;0;0;-1;1;-1;0;2;0
"48";"org.eclipse.debug.internal.core";0;0;5;0;0;0;0;5;0;0;0;-1;0;50;0;1;0;0;0;-1;1;-1;0;3;5
"49";"org.eclipse.swt.program";0;0;15;0;0;0;4;11;0;0;0;-1;0;0;0;5;2;0;0;-1;7;-1;0;0;0
"50";"org.osgi.service.prefs";0;0;2;0;0;0;1;1;0;0;0;-1;0;1325;0;0;0;0;0;-1;0;-1;0;1;3
"51";"org.eclipse.ui.internal.presentations.defaultpresentation";0;0;6;0;0;0;2;4;0;0;0;-1;0;18;0;1;0;0;0;-1;1;-1;0;2;1
"52";"org.eclipse.ui.internal.components.registry";0;0;3;0;0;0;0;3;0;0;0;-1;0;38;0;2;0;0;0;-1;2;-1;0;2;1
"53";"org.osgi.service.url";0;0;4;0;0;0;1;3;0;0;0;-1;0;0;0;2;0;0;0;-1;2;-1;0;0;0
"54";"org.eclipse.jface.text.link";0;0;10;0;0;0;2;8;0;0;0;-1;0;0;0;4;0;0;0;-1;4;-1;0;0;0
"55";"org.eclipse.ui.internal.components.framework";0;0;2;0;0;0;0;2;0;0;0;-1;0;0;0;1;0;0;0;-1;1;-1;0;1;0
"56";"org.eclipse.core.runtime.internal.adaptor";0;0;3;0;0;0;3;0;0;0;0;-1;0;19;0;0;1;0;0;-1;1;-1;0;1;4
"57";"org.eclipse.jdt.internal.codeassist.select";0;0;6;0;0;0;0;6;0;0;0;-1;0;34;0;2;0;0;0;-1;2;-1;0;3;1
"58";"org.eclipse.ui.forms.widgets";0;0;10;0;0;0;3;7;0;0;0;-1;0;585;0;2;0;0;0;-1;2;-1;0;1;0
"59";"org.eclipse.team.internal.ui.registry";0;0;4;0;0;0;0;4;0;0;0;-1;0;19;0;1;0;0;0;-1;1;-1;0;1;0
"60";"org.eclipse.help";0;0;3;0;0;0;0;3;0;0;0;-1;0;13;0;1;0;0;0;-1;1;-1;0;2;0
"61";"org.eclipse.update.internal.search";0;0;2;0;0;0;0;2;0;0;0;-1;0;0;0;0;0;0;0;-1;0;-1;0;0;0
"62";"org.eclipse.jdt.internal.eval";0;0;8;0;0;0;0;8;0;0;0;-1;0;0;0;2;0;0;0;-1;2;-1;0;0;17
"63";"org.eclipse.jdt.internal.debug.core";0;0;5;0;0;0;1;4;0;0;0;-1;0;0;0;1;0;0;0;-1;1;-1;0;0;0
"64";"org.eclipse.pde.internal.ui.model.plugin";0;0;4;0;0;0;1;3;0;0;0;-1;0;12;0;0;0;0;0;-1;0;-1;0;2;0
"65";"org.eclipse.jdt.core.search";0;0;8;0;0;0;0;8;0;0;0;-1;0;9;0;2;0;0;0;-1;2;-1;0;2;1
"66";"org.eclipse.osgi.service.pluginconversion";0;0;3;0;0;0;1;2;0;0;0;-1;0;0;0;0;0;0;0;-1;0;-1;0;0;0
"67";"org.eclipse.jdt.internal.ui.preferences";0;0;20;0;0;0;2;18;61;0;1;12;61;414;6;9;0;6;6;12;9;12;1;5;12
"68";"org.eclipse.jdt.internal.debug.ui.breakpoints";0;0;9;0;0;0;3;6;0;0;0;-1;0;67;0;2;0;0;0;-1;2;-1;0;3;0
"69";"org.eclipse.pde.internal.core.plugin";0;0;12;0;0;0;2;10;0;0;0;-1;0;51;0;4;2;0;0;-1;6;-1;0;2;1
"70";"org.eclipse.ui.contentassist";0;0;7;0;0;0;4;3;0;0;0;-1;0;0;0;0;2;0;0;-1;2;-1;0;0;0
"71";"org.eclipse.jdt.internal.core.dom.rewrite";0;0;15;0;0;0;0;15;0;0;0;-1;0;772;0;7;0;0;0;-1;7;-1;0;4;2
"72";"org.eclipse.ui.themes";0;0;3;0;0;0;0;3;0;0;0;-1;0;0;0;1;0;0;0;-1;1;-1;0;0;1
"73";"org.eclipse.jdt.internal.ui.text.folding";0;0;6;0;0;0;2;4;0;0;0;-1;0;0;0;1;1;0;0;-1;2;-1;0;0;0
"74";"org.eclipse.jdt.internal.ui.refactoring.nls.search";0;0;3;0;0;0;1;2;0;0;0;-1;0;0;0;0;0;0;0;-1;0;-1;0;0;1
"75";"org.eclipse.pde.internal.build.tasks";0;0;9;0;0;0;1;8;0;0;0;-1;0;0;0;4;0;0;0;-1;4;-1;0;0;0
"76";"org.eclipse.jdt.internal.corext.refactoring.structure.constraints";0;0;17;0;0;0;2;15;3236;9;2;154;5632;0;9;13;0;15;15;172;13;172;2;0;1
"77";"org.eclipse.ui.internal.texteditor.quickdiff.compare.rangedifferencer";0;0;8;0;0;0;2;6;0;0;0;-1;0;372;0;1;0;0;0;-1;1;-1;0;3;0
"78";"org.eclipse.jdt.internal.ui.refactoring.contentassist";0;0;12;0;0;0;2;10;0;0;0;-1;0;0;0;4;0;0;0;-1;4;-1;0;1;0
"79";"org.eclipse.pde.internal.ui.view";0;0;10;0;0;0;0;10;0;0;0;-1;0;6;0;5;0;0;0;-1;5;-1;0;2;0
"80";"org.eclipse.osgi.util";0;0;7;0;0;0;3;4;0;0;0;-1;0;0;0;2;1;0;0;-1;3;-1;0;0;1
"81";"org.eclipse.ui.texteditor.templates";0;0;6;0;0;0;1;5;0;0;0;-1;0;0;0;1;0;0;0;-1;1;-1;0;0;1
"82";"org.eclipse.pde.internal.runtime.registry";0;0;4;0;0;0;0;4;0;0;0;-1;0;20;0;1;0;0;0;-1;1;-1;0;1;18
"83";"org.eclipse.core.runtime.jobs";0;0;8;0;0;0;2;6;0;0;0;-1;0;19;0;1;0;0;0;-1;1;-1;0;1;0
"84";"org.eclipse.ant.internal.ui.editor.formatter";0;0;5;0;0;0;1;4;0;0;0;-1;0;10;0;0;0;0;0;-1;0;-1;0;1;0
"85";"org.eclipse.jdt.internal.ui.wizards.dialogfields";0;0;4;0;0;0;1;3;0;0;0;-1;0;19;0;0;0;0;0;-1;0;-1;0;3;0
"86";"org.eclipse.team.internal.ui.synchronize.actions";0;0;8;0;0;0;0;8;0;0;0;-1;0;391;0;5;0;0;0;-1;5;-1;0;2;0
"87";"org.eclipse.help.internal.search";0;0;7;0;0;0;1;6;0;0;0;-1;0;12;0;1;0;0;0;-1;1;-1;0;2;0
"88";"org.eclipse.ui.internal.browser";0;0;7;0;0;0;1;6;0;0;0;-1;0;66;0;4;0;0;0;-1;4;-1;0;3;0
"89";"org.eclipse.team.internal.ui";0;0;7;0;0;0;0;7;0;0;0;-1;0;0;0;2;0;0;0;-1;2;-1;0;0;3
"90";"org.eclipse.help.browser";0;0;1;0;0;0;0;1;0;0;0;-1;0;0;0;0;0;0;0;-1;0;-1;0;0;0
"91";"org.eclipse.debug.ui.sourcelookup";0;0;4;0;0;0;0;4;0;0;0;-1;0;0;0;0;0;0;0;-1;0;-1;0;0;0
"92";"org.eclipse.ui.internal.commands";0;0;9;0;0;0;0;9;0;0;0;-1;0;0;0;5;0;0;0;-1;5;-1;0;0;0
"93";"org.eclipse.team.internal.core";0;0;7;0;0;0;0;7;0;0;0;-1;0;22;0;4;0;0;0;-1;4;-1;0;1;3
"94";"org.eclipse.ui.internal.part.components.services";0;0;2;0;0;0;0;2;0;0;0;-1;0;0;0;1;0;0;0;-1;1;-1;0;1;0
"95";"org.eclipse.pde.internal.ui.editor.plugin.rows";0;0;6;0;0;0;0;6;0;0;0;-1;0;0;0;2;0;0;0;-1;2;-1;0;0;0
"96";"org.eclipse.jdt.launching.sourcelookup.containers";0;0;7;0;0;0;2;5;0;0;0;-1;0;0;0;2;1;0;0;-1;3;-1;0;0;0
"97";"org.eclipse.search2.internal.ui";0;0;6;0;0;0;2;4;0;0;0;-1;0;46;0;0;1;0;0;-1;1;-1;0;3;1
"98";"org.eclipse.jdt.internal.ui.filters";0;0;4;0;0;0;1;3;0;0;0;-1;0;40;0;1;0;0;0;-1;1;-1;0;3;0
"99";"org.eclipse.ui.wizards";0;0;5;0;0;0;1;4;0;0;0;-1;0;13;0;1;0;0;0;-1;1;-1;0;3;0
"100";"org.eclipse.jdt.internal.corext.refactoring.typeconstraints.typesets";0;0;4;0;0;0;2;2;0;0;0;-1;0;0;0;1;1;0;0;-1;2;-1;0;1;1
"101";"org.eclipse.jface.bindings.keys.formatting";0;0;8;0;0;0;0;8;0;0;0;-1;0;0;0;3;0;0;0;-1;3;-1;0;0;0
"102";"org.eclipse.ui.internal.ide.misc";0;0;5;0;0;0;1;4;0;0;0;-1;0;0;0;2;0;0;0;-1;2;-1;0;0;0
"103";"org.eclipse.pde.internal.ui.editor.plugin";0;0;7;0;0;0;0;7;0;0;0;-1;0;537;0;1;0;0;0;-1;1;-1;0;2;0
"104";"org.eclipse.ui.internal.misc";0;0;6;0;0;0;0;6;0;0;0;-1;0;201;0;2;0;0;0;-1;2;-1;0;3;1
"105";"org.eclipse.ui.internal.components.util";0;0;2;0;0;0;0;2;0;0;0;-1;0;0;0;1;0;0;0;-1;1;-1;0;1;0
"106";"org.eclipse.jdt.internal.corext.refactoring.structure";0;0;39;0;6;1;6;33;3143;7;2;93;5124;0;7;23;5;13;19;148;28;233;3;2;1
"107";"org.eclipse.jdt.internal.compiler.env";0;0;5;0;0;0;0;5;0;0;0;-1;0;85;0;2;0;0;0;-1;2;-1;0;3;0
"108";"org.eclipse.help.search";0;0;6;0;0;0;2;4;0;0;0;-1;0;0;0;1;1;0;0;-1;2;-1;0;0;0
"109";"org.eclipse.jdt.internal.compiler.lookup";0;0;9;0;0;0;1;8;0;0;0;-1;0;29;0;3;0;0;0;-1;3;-1;0;5;53
"110";"org.eclipse.core.runtime.internal.stats";0;0;2;0;0;0;2;0;0;0;0;-1;0;0;0;0;1;0;0;-1;1;-1;0;1;0
"111";"org.eclipse.help.internal.model";0;0;2;0;0;0;0;2;0;0;0;-1;0;0;0;1;0;0;0;-1;1;-1;0;0;0
"112";"org.eclipse.jdt.internal.compiler.util";0;0;5;0;0;0;0;5;0;0;0;-1;0;8;0;2;0;0;0;-1;2;-1;0;2;5
"113";"org.eclipse.core.internal.refresh";0;0;8;0;0;0;1;7;0;0;0;-1;0;0;0;2;0;0;0;-1;2;-1;0;0;2
"114";"org.eclipse.help.internal.webapp.servlet";0;0;6;0;0;0;2;4;0;0;0;-1;0;0;0;0;1;0;0;-1;1;-1;0;0;0
"115";"org.eclipse.jdt.internal.ui.typehierarchy";0;0;4;0;0;0;0;4;0;0;0;-1;0;56;0;0;0;0;0;-1;0;-1;0;3;0
"116";"org.eclipse.ant.internal.ui.editor.actions";0;0;18;0;0;0;2;16;226;0;1;83;226;45;6;9;1;6;6;83;10;83;1;1;0
"117";"org.eclipse.update.internal.configurator";0;0;4;0;0;0;0;4;0;0;0;-1;0;65;0;1;0;0;0;-1;1;-1;0;2;0
"118";"org.eclipse.ui.internal.progress";0;0;7;0;0;0;0;7;0;0;0;-1;0;188;0;3;0;0;0;-1;3;-1;0;1;4
"119";"org.eclipse.jdt.internal.junit.ui";0;0;7;0;0;0;1;6;0;0;0;-1;0;102;0;1;0;0;0;-1;1;-1;0;4;6
"120";"org.eclipse.debug.ui.memory";0;0;6;0;0;0;0;6;0;0;0;-1;0;91;0;3;0;0;0;-1;3;-1;0;3;0
"121";"org.eclipse.ant.internal.ui.views.actions";0;0;7;0;0;0;0;7;0;0;0;-1;0;0;0;1;0;0;0;-1;1;-1;0;0;0
"122";"org.eclipse.jdt.internal.compiler.problem";0;0;10;0;0;0;2;8;1628;0;1;4;1628;8;7;6;1;7;7;4;7;4;1;1;4
"123";"org.eclipse.jdt.internal.debug.core.refactoring";0;0;4;0;0;0;0;4;0;0;0;-1;0;26;0;1;0;0;0;-1;1;-1;0;2;0
"124";"org.eclipse.ui.branding";0;0;2;0;0;0;0;2;0;0;0;-1;0;0;0;0;0;0;0;-1;0;-1;0;0;0
"125";"org.eclipse.search.ui.text";0;0;4;0;0;0;0;4;0;0;0;-1;0;23;0;0;0;0;0;-1;0;-1;0;3;0
"126";"org.eclipse.ui.editors.text";0;0;6;0;0;0;2;4;0;0;0;-1;0;0;0;0;0;0;0;-1;0;-1;0;0;0
"127";"org.eclipse.ui.internal.actions";0;0;7;0;0;0;0;7;0;0;0;-1;0;159;0;3;0;0;0;-1;3;-1;0;3;1
"128";"org.eclipse.ui.wizards.newresource";0;0;8;0;0;0;1;7;0;0;0;-1;0;0;0;5;0;0;0;-1;5;-1;0;0;0
"129";"org.eclipse.core.internal.resources.mapping";0;0;3;0;0;0;1;2;0;0;0;-1;0;0;0;0;0;0;0;-1;0;-1;0;1;0
"130";"org.eclipse.ui.ide.dialogs";0;0;7;0;0;0;2;5;0;0;0;-1;0;2;0;2;0;0;0;-1;2;-1;0;2;1
"131";"org.eclipse.jface.text.templates";0;0;8;0;0;0;3;5;0;0;0;-1;0;0;0;2;1;0;0;-1;3;-1;0;0;0
"132";"org.eclipse.jdi.internal.spy";0;0;4;0;0;0;0;4;0;0;0;-1;0;8;0;1;0;0;0;-1;1;-1;0;1;0
"133";"org.eclipse.jface.action";0;0;3;0;0;0;0;3;0;0;0;-1;0;1129;0;1;0;0;0;-1;1;-1;0;3;4
"134";"org.eclipse.pde.internal.core.ifeature";0;0;3;0;0;0;0;3;0;0;0;-1;0;14;0;1;0;0;0;-1;1;-1;0;1;0
"135";"org.eclipse.ui.texteditor.spelling";0;0;8;0;0;0;2;6;0;0;0;-1;0;42;0;3;0;0;0;-1;3;-1;0;2;0
"136";"org.eclipse.team.internal.core.streams";0;0;2;0;0;0;0;2;0;0;0;-1;0;6;0;1;0;0;0;-1;1;-1;0;1;0
"137";"org.eclipse.team.internal.ccvs.ui.operations";0;0;13;0;0;0;0;13;0;0;0;-1;0;208;0;6;0;0;0;-1;6;-1;0;1;5
"138";"org.eclipse.jdt.internal.compiler";0;0;7;0;0;0;0;7;0;0;0;-1;0;0;0;3;0;0;0;-1;3;-1;0;0;9
"139";"org.eclipse.jdt.internal.codeassist";0;0;9;0;0;0;1;8;0;0;0;-1;0;0;0;1;0;0;0;-1;1;-1;0;0;2
"140";"org.eclipse.swt.internal.carbon";0;0;30;0;6;1;8;22;47;0;0;224;47;0;6;12;6;0;6;224;18;224;1;1;1
"141";"org.eclipse.ui.internal.ide.update";0;0;3;0;0;0;0;3;0;0;0;-1;0;100;0;0;0;0;0;-1;0;-1;0;2;0
"142";"org.eclipse.update.internal.ui.model";0;0;7;0;0;0;0;7;0;0;0;-1;0;0;0;2;0;0;0;-1;2;-1;0;0;0
"143";"com.sun.jdi";0;0;3;0;0;0;0;3;0;0;0;-1;0;160;0;1;0;0;0;-1;1;-1;0;3;0
"144";"org.eclipse.jface.viewers.deferred";0;0;4;0;0;0;0;4;0;0;0;-1;0;0;0;1;0;0;0;-1;1;-1;0;0;0
"145";"org.eclipse.ui.texteditor.quickdiff";0;0;7;0;0;0;2;5;0;0;0;-1;0;0;0;0;1;0;0;-1;1;-1;0;0;0
"146";"org.eclipse.swt.internal.motif";0;0;13;0;0;0;0;13;1587;0;1;50;1587;62;9;9;0;9;9;50;9;50;1;2;0
"147";"org.eclipse.core.internal.model";0;0;4;0;0;0;0;4;0;0;0;-1;0;8;0;1;0;0;0;-1;1;-1;0;1;0
"148";"org.eclipse.ant.internal.core";0;0;3;0;0;0;0;3;0;0;0;-1;0;39;0;0;0;0;0;-1;0;-1;0;1;1
"149";"org.eclipse.swt.internal.ole.win32";0;0;4;0;0;0;0;4;0;0;0;-1;0;105;0;1;0;0;0;-1;1;-1;0;2;0
"150";"org.eclipse.update.internal.ui";0;0;9;0;0;0;4;5;0;0;0;-1;0;0;0;0;2;0;0;-1;2;-1;0;0;1
"151";"org.eclipse.swt.events";0;0;3;0;0;0;0;3;0;0;0;-1;0;36;0;1;0;0;0;-1;1;-1;0;1;1
"152";"org.eclipse.jdt.internal.ui.text.template.preferences";0;0;4;0;0;0;1;3;0;0;0;-1;0;56;0;1;1;0;0;-1;2;-1;0;3;0
"153";"org.eclipse.help.ui.internal.search";0;0;3;0;0;0;0;3;0;0;0;-1;0;0;0;1;0;0;0;-1;1;-1;0;0;0
"154";"org.eclipse.help.internal.context";0;0;5;0;0;0;0;5;0;0;0;-1;0;8;0;2;0;0;0;-1;2;-1;0;1;0
"155";"org.eclipse.team.internal.ui.synchronize";0;0;5;0;0;0;0;5;0;0;0;-1;0;534;0;2;0;0;0;-1;2;-1;0;2;1
"156";"org.eclipse.jface.text.contentassist";0;0;14;0;0;0;3;11;0;0;0;-1;0;56;0;3;0;0;0;-1;3;-1;0;2;0
"157";"org.eclipse.pde.internal.ui.wizards.templates";0;0;9;0;0;0;0;9;0;0;0;-1;0;143;0;4;0;0;0;-1;4;-1;0;3;0
"158";"org.eclipse.ui.externaltools.internal.menu";0;0;2;0;0;0;0;2;0;0;0;-1;0;24;0;0;0;0;0;-1;0;-1;0;1;0
"159";"org.eclipse.pde.internal.ui.editor.build";0;0;7;0;0;0;0;7;0;0;0;-1;0;8;0;2;0;0;0;-1;2;-1;0;1;0
"160";"org.eclipse.core.internal.expressions";0;0;6;0;0;0;1;5;0;0;0;-1;0;48;0;1;0;0;0;-1;1;-1;0;1;0
"161";"org.eclipse.jdt.internal.ui.propertiesfileeditor";0;0;12;0;0;0;1;11;0;0;0;-1;0;523;0;6;1;0;0;-1;7;-1;0;3;1
"162";"org.eclipse.jdt.internal.ui.wizards.buildpaths.newsourcepage";1;0;10;1;0;0;0;10;2439;0;1;133;2439;714;7;6;0;7;7;133;6;133;1;4;1
"163";"org.eclipse.update.internal.scheduler.preferences";0;0;3;0;0;0;1;2;0;0;0;-1;0;0;0;0;0;0;0;-1;0;-1;0;0;0
"164";"org.eclipse.pde.internal.ui.editor.context";0;0;6;0;0;0;0;6;0;0;0;-1;0;28;0;3;0;0;0;-1;3;-1;0;2;0
"165";"org.eclipse.jface.util";0;0;3;0;0;0;0;3;0;0;0;-1;0;367;0;1;0;0;0;-1;1;-1;0;2;1
"166";"org.eclipse.jdt.internal.compiler.impl";0;0;14;0;0;0;0;14;0;0;0;-1;0;0;0;6;0;0;0;-1;6;-1;0;0;2
"167";"org.eclipse.ui.internal.texteditor.spelling";0;0;6;0;0;0;2;4;0;0;0;-1;0;0;0;2;0;0;0;-1;2;-1;0;0;0
"168";"org.eclipse.swt.widgets";0;0;17;0;0;0;1;16;1132;0;1;1;1132;1468;6;8;0;6;6;1;8;1;1;8;78
"169";"org.eclipse.ui.internal.activities";0;0;3;0;0;0;0;3;0;0;0;-1;0;423;0;1;0;0;0;-1;1;-1;0;3;0
"170";"org.eclipse.ui.internal.intro.impl.model.loader";0;0;18;0;6;1;6;12;317;0;1;199;458;0;6;5;5;6;12;199;10;221;2;0;0
"171";"org.eclipse.jdt.internal.corext.dom";0;0;7;0;0;0;1;6;0;0;0;-1;0;669;0;0;0;0;0;-1;0;-1;0;4;0
"172";"org.eclipse.ui.views.navigator";0;0;7;0;0;0;2;5;0;0;0;-1;0;1022;0;1;0;0;0;-1;1;-1;0;3;4
"173";"org.eclipse.osgi.framework.debug";0;0;6;0;0;0;3;3;0;0;0;-1;0;0;0;0;2;0;0;-1;2;-1;0;0;1
"174";"org.eclipse.pde.ui.internal.samples";0;0;7;0;0;0;1;6;0;0;0;-1;0;0;0;0;0;0;0;-1;0;-1;0;0;0
"175";"org.eclipse.team.internal.ui.actions";0;0;3;0;0;0;0;3;0;0;0;-1;0;0;0;0;0;0;0;-1;0;-1;0;0;1
"176";"org.eclipse.ui.internal.texteditor";0;0;4;0;0;0;0;4;0;0;0;-1;0;44;0;0;0;0;0;-1;0;-1;0;2;1
"177";"org.eclipse.jface.contentassist";0;0;4;0;0;0;2;2;0;0;0;-1;0;14;0;0;0;0;0;-1;0;-1;0;1;0
"178";"org.eclipse.ui.views";0;0;5;0;0;0;0;5;0;0;0;-1;0;30;0;2;0;0;0;-1;2;-1;0;3;0
"179";"org.eclipse.core.internal.preferences";0;0;7;0;0;0;0;7;0;0;0;-1;0;8;0;2;0;0;0;-1;2;-1;0;1;3
"180";"org.eclipse.team.internal.ccvs.ssh";0;0;3;0;0;0;0;3;0;0;0;-1;0;57;0;1;0;0;0;-1;1;-1;0;1;0
"181";"org.eclipse.ui.internal.components";0;0;4;0;0;0;0;4;0;0;0;-1;0;28;0;2;0;0;0;-1;2;-1;0;2;0
"182";"org.eclipse.jdt.internal.corext.refactoring.changes";0;0;9;0;0;0;2;7;0;0;0;-1;0;121;0;2;0;0;0;-1;2;-1;0;3;0
"183";"org.eclipse.swt.internal.cairo";0;0;5;0;0;0;0;5;0;0;0;-1;0;0;0;1;0;0;0;-1;1;-1;0;0;0
"184";"org.eclipse.pde.core.build";0;0;3;0;0;0;1;2;0;0;0;-1;0;0;0;0;0;0;0;-1;0;-1;0;0;0
"185";"org.eclipse.jdt.internal.ui.text";0;0;15;0;0;0;2;13;0;0;0;-1;0;99;0;4;0;0;0;-1;4;-1;0;3;1
"186";"org.eclipse.ant.internal.ui.preferences";0;0;10;0;0;0;1;9;0;0;0;-1;0;273;0;4;0;0;0;-1;4;-1;0;2;1
"187";"org.eclipse.osgi.framework.internal.protocol.reference";0;0;1;0;0;0;0;1;0;0;0;-1;0;6;0;0;0;0;0;-1;0;-1;0;1;0
"188";"org.eclipse.swt.browser";0;0;5;0;0;0;0;5;0;0;0;-1;0;487;0;3;0;0;0;-1;3;-1;0;2;7
"189";"org.eclipse.core.launcher";0;0;24;0;6;1;8;16;89;0;0;235;89;0;6;8;6;0;6;235;14;235;1;0;0
"190";"org.eclipse.jdt.internal.ui.viewsupport";0;0;6;0;0;0;0;6;0;0;0;-1;0;20;0;1;0;0;0;-1;1;-1;0;2;1
"191";"org.eclipse.jdt.internal.ui.util";0;0;5;0;0;0;1;4;0;0;0;-1;0;34;0;1;0;0;0;-1;1;-1;0;4;0
"192";"org.eclipse.jdt.internal.corext.refactoring.sef";0;0;6;0;0;0;0;6;0;0;0;-1;0;0;0;2;0;0;0;-1;2;-1;0;0;0
"193";"org.eclipse.osgi.framework.adaptor";1;0;8;1;0;0;1;7;122;0;1;140;122;114;6;5;0;6;6;140;5;140;1;2;0
"194";"org.eclipse.ant.core";0;0;4;0;0;0;0;4;0;0;0;-1;0;9;0;0;0;0;0;-1;0;-1;0;1;1
"195";"org.eclipse.jdt.core.dom.rewrite";0;0;4;0;0;0;0;4;0;0;0;-1;0;0;0;0;0;0;0;-1;0;-1;0;0;0
"196";"org.eclipse.osgi.framework.internal.reliablefile";0;0;3;0;0;0;1;2;0;0;0;-1;0;0;0;1;0;0;0;-1;1;-1;0;0;1
"197";"org.eclipse.core.internal.registry";0;0;7;0;0;0;0;7;0;0;0;-1;0;1025;0;2;0;0;0;-1;2;-1;0;3;0
"198";"org.eclipse.jface.text.source";0;0;10;0;0;0;2;8;0;0;0;-1;0;206;0;3;0;0;0;-1;3;-1;0;3;0
"199";"org.eclipse.pde.internal.ui.properties";0;0;4;0;0;0;0;4;0;0;0;-1;0;0;0;1;0;0;0;-1;1;-1;0;0;0
"200";"org.eclipse.ant.internal.ui.debug";0;0;4;0;0;0;0;4;0;0;0;-1;0;18;0;1;0;0;0;-1;1;-1;0;1;0
"201";"org.eclipse.jdt.internal.ui.search";0;0;7;0;0;0;0;7;0;0;0;-1;0;122;0;2;0;0;0;-1;2;-1;0;4;5
"202";"org.eclipse.jdt.internal.ui.refactoring.reorg";0;0;7;0;0;0;1;6;0;0;0;-1;0;51;0;0;0;0;0;-1;0;-1;0;3;5
"203";"org.eclipse.ui.internal.browser.browsers";0;0;3;0;0;0;0;3;0;0;0;-1;0;37;0;1;0;0;0;-1;1;-1;0;2;0
"204";"org.eclipse.swt.layout";0;0;13;0;0;0;1;12;0;0;0;-1;0;0;0;6;0;0;0;-1;6;-1;0;1;1
"205";"org.eclipse.pde.core";0;0;2;0;0;0;0;2;0;0;0;-1;0;6;0;1;0;0;0;-1;1;-1;0;1;0
"206";"org.eclipse.ui.forms.editor";0;0;5;0;0;0;2;3;0;0;0;-1;0;0;0;0;0;0;0;-1;0;-1;0;0;0
"207";"org.eclipse.jdt.internal.ui.macbundler";0;0;4;0;0;0;0;4;0;0;0;-1;0;44;0;1;0;0;0;-1;1;-1;0;1;0
"208";"org.eclipse.swt.dnd";0;0;3;0;0;0;0;3;0;0;0;-1;0;145;0;0;0;0;0;-1;0;-1;0;1;3
"209";"org.eclipse.jdt.internal.debug.eval";0;0;2;0;0;0;0;2;0;0;0;-1;0;10;0;0;0;0;0;-1;0;-1;0;2;0
"210";"org.eclipse.jdt.internal.corext.util";1;0;17;1;0;0;6;11;863;0;1;210;863;178;9;5;4;9;9;210;9;210;1;3;10
"211";"org.eclipse.osgi.service.resolver";0;0;7;0;0;0;2;5;0;0;0;-1;0;81;0;2;0;0;0;-1;2;-1;0;3;0
"212";"org.eclipse.jface.text";0;0;9;0;0;0;2;7;0;0;0;-1;0;264;0;1;0;0;0;-1;1;-1;0;2;0
"213";"org.eclipse.jdt.internal.corext.refactoring.typeconstraints2";1;0;13;1;0;0;0;13;296;0;1;35;296;74;7;9;0;7;7;35;9;35;1;3;0
"214";"org.eclipse.core.runtime";0;0;4;0;0;0;1;3;0;0;0;-1;0;30;0;1;0;0;0;-1;1;-1;0;4;0
"215";"org.eclipse.ui.internal.layout";0;0;3;0;0;0;0;3;0;0;0;-1;0;2288;0;1;0;0;0;-1;1;-1;0;2;0
"216";"org.eclipse.ant.internal.ui.dtd";0;0;2;0;0;0;0;2;0;0;0;-1;0;24;0;0;0;0;0;-1;0;-1;0;1;0
"217";"org.eclipse.jdt.ui";0;0;5;0;0;0;1;4;0;0;0;-1;0;0;0;0;0;0;0;-1;0;-1;0;0;1
"218";"org.eclipse.jdt.debug.eval";0;0;2;0;0;0;0;2;0;0;0;-1;0;0;0;0;0;0;0;-1;0;-1;0;0;0
"219";"org.eclipse.jdt.internal.compiler.flow";0;0;4;0;0;0;0;4;0;0;0;-1;0;0;0;2;0;0;0;-1;2;-1;0;0;0
"220";"org.eclipse.ui.views.framelist";0;0;6;0;0;0;0;6;0;0;0;-1;0;120;0;3;0;0;0;-1;3;-1;0;3;0
"221";"org.eclipse.ui.internal.intro.impl";0;0;8;0;0;0;2;6;163;0;1;199;163;0;6;3;2;6;6;199;5;199;1;0;0
"222";"org.eclipse.ui.forms";0;0;4;0;0;0;0;4;0;0;0;-1;0;8;0;0;0;0;0;-1;0;-1;0;1;0
"223";"org.eclipse.ui.help";0;0;4;0;0;0;0;4;0;0;0;-1;0;0;0;1;0;0;0;-1;1;-1;0;0;0
"224";"org.eclipse.pde.internal.core.ibundle";0;0;2;0;0;0;0;2;0;0;0;-1;0;21;0;1;0;0;0;-1;1;-1;0;2;0
"225";"org.eclipse.ui.wizards.datatransfer";0;0;7;0;0;0;1;6;0;0;0;-1;0;92;0;1;0;0;0;-1;1;-1;0;1;2
"226";"org.eclipse.jdt.junit.wizards";0;0;12;0;0;0;8;4;0;0;0;-1;0;0;0;2;6;0;0;-1;8;-1;0;0;3
"227";"org.eclipse.jdt.internal.junit.runner";0;0;5;0;0;0;1;4;0;0;0;-1;0;34;0;2;0;0;0;-1;2;-1;0;3;0
"228";"org.eclipse.search2.internal.ui.basic.views";0;0;4;0;0;0;1;3;0;0;0;-1;0;14;0;0;0;0;0;-1;0;-1;0;3;0
"229";"org.eclipse.jdt.internal.corext";0;0;4;0;0;0;1;3;0;0;0;-1;0;0;0;1;0;0;0;-1;1;-1;0;0;0
"230";"org.eclipse.ui.internal.ide.registry";0;0;5;0;0;0;2;3;0;0;0;-1;0;238;0;1;0;0;0;-1;1;-1;0;2;0
"231";"org.eclipse.ui.keys";0;0;5;0;0;0;0;5;0;0;0;-1;0;81;0;2;0;0;0;-1;2;-1;0;1;0
"232";"org.eclipse.core.runtime.content";0;0;5;0;0;0;0;5;0;0;0;-1;0;0;0;0;0;0;0;-1;0;-1;0;1;0
"233";"org.eclipse.jdt.launching.sourcelookup";0;0;4;0;0;0;0;4;0;0;0;-1;0;20;0;1;0;0;0;-1;1;-1;0;3;0
"234";"org.eclipse.jdt.core.formatter";0;0;2;0;0;0;0;2;0;0;0;-1;0;33;0;0;0;0;0;-1;0;-1;0;1;1
"235";"org.eclipse.jdt.internal.debug.ui.launcher";0;0;4;0;0;0;0;4;0;0;0;-1;0;29;0;1;0;0;0;-1;1;-1;0;2;0
"236";"org.eclipse.core.variables";0;0;2;0;0;0;0;2;0;0;0;-1;0;21;0;0;0;0;0;-1;0;-1;0;2;0
"237";"org.eclipse.jdt.internal.ui.refactoring.nls";0;0;6;0;0;0;2;4;0;0;0;-1;0;18;0;1;1;0;0;-1;2;-1;0;3;0
"238";"org.eclipse.ui.texteditor";0;0;13;0;0;0;1;12;0;0;0;-1;0;1096;0;6;0;0;0;-1;6;-1;0;3;5
"239";"org.eclipse.ui.internal.wizards.preferences";0;0;5;0;0;0;5;0;0;0;0;-1;0;77;0;0;2;0;0;-1;2;-1;0;2;1
"240";"org.eclipse.team.internal.ccvs.core.connection";0;0;4;0;0;0;0;4;0;0;0;-1;0;28;0;1;0;0;0;-1;1;-1;0;1;1
"241";"org.eclipse.pde.internal.runtime";0;0;4;0;0;0;0;4;0;0;0;-1;0;0;0;1;0;0;0;-1;1;-1;0;0;4
"242";"org.eclipse.jdt.internal.corext.refactoring.typeconstraints.types";0;0;6;0;0;0;1;5;0;0;0;-1;0;59;0;2;0;0;0;-1;2;-1;0;2;0
"243";"org.eclipse.ui.internal.dialogs";0;0;5;0;0;0;0;5;0;0;0;-1;0;1026;0;2;0;0;0;-1;2;-1;0;5;20
"244";"org.eclipse.jdt.internal.codeassist.impl";0;0;17;0;0;0;3;14;179;0;1;67;179;0;6;7;2;6;6;67;9;67;1;0;2
"245";"org.eclipse.jdt.internal.ui.text.javadoc";0;0;7;0;0;0;1;6;0;0;0;-1;0;254;0;2;1;0;0;-1;3;-1;0;5;0
"246";"org.osgi.service.condpermadmin";0;0;6;0;0;0;3;3;0;0;0;-1;0;96;0;2;2;0;0;-1;4;-1;0;1;8
"247";"org.eclipse.update.internal.ui.preferences";0;0;7;0;0;0;1;6;0;0;0;-1;0;0;0;3;1;0;0;-1;4;-1;0;0;0
"248";"org.eclipse.pde.internal.core.isite";0;0;3;0;0;0;0;3;0;0;0;-1;0;12;0;0;0;0;0;-1;0;-1;0;2;0
"249";"org.eclipse.ui.internal.cheatsheets.data";0;0;3;0;0;0;0;3;0;0;0;-1;0;24;0;1;0;0;0;-1;1;-1;0;1;0
"250";"org.eclipse.debug.ui.console";0;0;6;0;0;0;0;6;0;0;0;-1;0;0;0;2;0;0;0;-1;2;-1;0;0;0
"251";"org.eclipse.core.internal.content";2;0;22;2;0;0;8;14;1623;0;1;193;1623;225;11;8;7;11;11;193;15;193;1;2;0
"252";"org.eclipse.jdt.internal.core";0;0;8;0;0;0;0;8;0;0;0;-1;0;196;0;3;0;0;0;-1;3;-1;0;4;24
"253";"org.eclipse.pde.internal.ui.wizards";0;0;4;0;0;0;0;4;0;0;0;-1;0;0;0;0;0;0;0;-1;0;-1;0;0;0
"254";"org.eclipse.jdt.internal.compiler.ast";0;0;12;0;0;0;2;10;0;0;0;-1;0;75;0;3;0;0;0;-1;3;-1;0;4;90
"255";"org.eclipse.ui.internal.ide.dialogs";0;0;6;0;0;0;1;5;0;0;0;-1;0;2221;0;3;0;0;0;-1;3;-1;0;3;5
"256";"org.eclipse.debug.internal.ui.stringsubstitution";0;0;3;0;0;0;0;3;0;0;0;-1;0;75;0;1;0;0;0;-1;1;-1;0;2;0
"257";"org.eclipse.jdt.ui.actions";0;0;7;0;0;0;0;7;0;0;0;-1;0;42;0;1;0;0;0;-1;1;-1;0;4;3
"258";"org.eclipse.help.internal.webapp.data";0;0;6;0;0;0;1;5;0;0;0;-1;0;205;0;2;0;0;0;-1;2;-1;0;2;0
"259";"org.eclipse.pde.internal.core.product";0;0;5;0;0;0;0;5;0;0;0;-1;0;36;0;3;0;0;0;-1;3;-1;0;2;0
"260";"org.eclipse.swt.internal.accessibility.gtk";0;0;4;0;0;0;0;4;0;0;0;-1;0;0;0;2;0;0;0;-1;2;-1;0;0;0
"261";"org.eclipse.pde.internal.ui.wizards.exports";0;0;11;0;0;0;3;8;0;0;0;-1;0;0;0;3;1;0;0;-1;4;-1;0;0;0
"262";"org.eclipse.jdt.internal.debug.ui.display";0;0;9;0;0;0;1;8;0;0;0;-1;0;0;0;4;0;0;0;-1;4;-1;0;0;0
"263";"com.sun.jdi.request";0;0;4;0;0;0;0;4;0;0;0;-1;0;12;0;1;0;0;0;-1;1;-1;0;2;0
"264";"org.eclipse.team.internal.ccvs.core.client.listeners";0;0;5;0;0;0;0;5;0;0;0;-1;0;6;0;0;0;0;0;-1;0;-1;0;1;0
"265";"org.eclipse.jdt.debug.ui";0;0;2;0;0;0;0;2;0;0;0;-1;0;0;0;0;0;0;0;-1;0;-1;0;0;0
"266";"org.eclipse.osgi.framework.internal.core";0;0;9;0;0;0;1;8;0;0;0;-1;0;178;0;2;0;0;0;-1;2;-1;0;4;38
"267";"org.eclipse.osgi.framework.log";0;0;2;0;0;0;1;1;0;0;0;-1;0;0;0;0;0;0;0;-1;0;-1;0;0;0
"268";"org.eclipse.jdt.internal.corext.refactoring.code";0;0;10;0;0;0;0;10;1013;0;1;169;1013;0;6;6;0;6;6;169;6;169;1;0;6
"269";"org.eclipse.platform.internal";0;0;2;0;0;0;1;1;0;0;0;-1;0;0;0;0;0;0;0;-1;0;-1;0;0;0
"270";"org.eclipse.ant.internal.ui.antsupport.logger.util";0;0;2;0;0;0;0;2;0;0;0;-1;0;0;0;0;0;0;0;-1;0;-1;0;0;0
"271";"org.eclipse.ui.internal.texteditor.quickdiff";0;0;11;0;0;0;2;9;0;0;0;-1;0;322;0;2;1;0;0;-1;3;-1;0;3;1
"272";"org.eclipse.ant.internal.ui.dtd.schema";0;0;4;0;0;0;0;4;0;0;0;-1;0;36;0;0;0;0;0;-1;0;-1;0;1;0
"273";"org.eclipse.jdt.debug.ui.launchConfigurations";0;0;5;0;0;0;0;5;0;0;0;-1;0;0;0;0;0;0;0;-1;0;-1;0;0;0
"274";"org.eclipse.jdi.internal";0;0;5;0;0;0;0;5;0;0;0;-1;0;194;0;1;0;0;0;-1;1;-1;0;4;1
"275";"org.eclipse.core.commands.common";0;0;7;0;0;0;0;7;0;0;0;-1;0;0;0;4;0;0;0;-1;4;-1;0;0;1
"276";"org.eclipse.ui.views.contentoutline";0;0;7;0;0;0;0;7;0;0;0;-1;0;0;0;3;0;0;0;-1;3;-1;0;0;0
"277";"org.eclipse.pde.internal.core.site";0;0;5;0;0;0;0;5;0;0;0;-1;0;10;0;1;0;0;0;-1;1;-1;0;2;0
"278";"org.eclipse.jdt.internal.core.search.matching";0;0;13;0;0;0;0;13;0;0;0;-1;0;2107;0;4;0;0;0;-1;4;-1;0;7;6
"279";"org.eclipse.jdt.internal.debug.ui";0;0;8;0;0;0;0;8;0;0;0;-1;0;388;0;1;0;0;0;-1;1;-1;0;5;9
"280";"org.eclipse.jdt.internal.ui";0;0;9;0;0;0;1;8;0;0;0;-1;0;32;0;2;0;0;0;-1;2;-1;0;4;4
"281";"org.eclipse.pde.internal";0;0;3;0;0;0;0;3;0;0;0;-1;0;0;0;0;0;0;0;-1;0;-1;0;0;2
"282";"org.eclipse.pde.internal.ui.editor.site";0;0;8;0;0;0;0;8;0;0;0;-1;0;100;0;2;0;0;0;-1;2;-1;0;2;0
"283";"org.eclipse.ui.progress";0;0;4;0;0;0;0;4;0;0;0;-1;0;68;0;2;0;0;0;-1;2;-1;0;2;0
"284";"org.eclipse.text.edits";2;0;9;2;0;0;2;7;276;0;1;71;276;178;6;5;0;6;6;71;5;71;1;2;0
"285";"org.eclipse.ant.internal.ui.model";1;0;19;1;0;0;1;18;2996;0;1;65;2996;133;9;12;0;9;9;65;12;65;1;2;2
"286";"org.eclipse.ui.internal.intro.impl.util";0;0;11;0;0;0;3;8;0;0;0;-1;0;0;0;3;0;0;0;-1;3;-1;0;0;0
"287";"org.eclipse.jdt.internal.ui.dialogs";0;0;10;0;0;0;0;10;0;0;0;-1;0;352;0;3;0;0;0;-1;3;-1;0;3;4
"288";"org.eclipse.ant.internal.ui.editor.text";0;0;6;0;0;0;1;5;0;0;0;-1;0;65;0;2;0;0;0;-1;2;-1;0;1;3
"289";"org.eclipse.ant.internal.ui.dtd.util";0;0;2;0;0;0;0;2;0;0;0;-1;0;0;0;1;0;0;0;-1;1;-1;0;0;1
"290";"org.eclipse.ui.internal.cheatsheets.views";0;0;5;0;0;0;3;2;0;0;0;-1;0;8;0;0;2;0;0;-1;2;-1;0;1;0
"291";"org.eclipse.pde.internal.ui.wizards.imports";0;0;20;0;0;0;5;15;309;0;1;174;309;322;7;9;3;7;7;174;12;174;1;1;0
"292";"org.eclipse.ui.part";0;0;4;0;0;0;0;4;0;0;0;-1;0;763;0;1;0;0;0;-1;1;-1;0;2;1
"293";"org.osgi.service.packageadmin";0;0;4;0;0;0;1;3;0;0;0;-1;0;0;0;2;0;0;0;-1;2;-1;0;0;3
"294";"org.eclipse.help.internal.base.util";0;0;4;0;0;0;0;4;0;0;0;-1;0;0;0;1;0;0;0;-1;1;-1;0;0;0
"295";"org.eclipse.core.internal.utils";0;0;5;0;0;0;0;5;0;0;0;-1;0;0;0;0;0;0;0;-1;0;-1;0;0;2
"296";"org.eclipse.pde.internal.core.build";0;0;5;0;0;0;0;5;0;0;0;-1;0;0;0;1;0;0;0;-1;1;-1;0;0;0
"297";"org.eclipse.pde.internal.ui.elements";0;0;2;0;0;0;0;2;0;0;0;-1;0;0;0;1;0;0;0;-1;1;-1;0;0;0
"298";"org.eclipse.jface.preference";0;0;4;0;0;0;0;4;0;0;0;-1;0;812;0;2;0;0;0;-1;2;-1;0;2;1
"299";"org.eclipse.jdt.launching";0;0;6;0;0;0;0;6;0;0;0;-1;0;13;0;1;0;0;0;-1;1;-1;0;4;2
"300";"org.eclipse.ant.internal.ui.launchConfigurations";0;0;6;0;0;0;0;6;0;0;0;-1;0;152;0;0;0;0;0;-1;0;-1;0;3;10
"301";"org.eclipse.core.expressions";0;0;2;0;0;0;0;2;0;0;0;-1;0;23;0;1;0;0;0;-1;1;-1;0;3;0
"302";"org.eclipse.help.internal.protocols";0;0;6;0;0;0;2;4;0;0;0;-1;0;0;0;1;1;0;0;-1;2;-1;0;0;0
"303";"org.eclipse.jdt.ui.wizards";0;0;9;0;0;0;1;8;0;0;0;-1;0;183;0;3;0;0;0;-1;3;-1;0;5;3
"304";"org.eclipse.jdt.internal.corext.refactoring.rename";0;0;14;0;0;0;1;13;134;0;1;85;134;0;7;6;0;7;7;85;6;85;1;0;2
"305";"org.eclipse.core.internal.dtree";0;0;6;0;0;0;0;6;0;0;0;-1;0;161;0;1;0;0;0;-1;1;-1;0;2;0
"306";"org.eclipse.jdt.internal.ui.preferences.formatter";0;0;8;0;0;0;1;7;0;0;0;-1;0;12;0;1;0;0;0;-1;1;-1;0;2;1
"307";"org.eclipse.core.internal.variables";0;0;4;0;0;0;0;4;0;0;0;-1;0;16;0;0;0;0;0;-1;0;-1;0;1;0
"308";"org.eclipse.jface.wizard";0;0;4;0;0;0;0;4;0;0;0;-1;0;524;0;1;0;0;0;-1;1;-1;0;1;0
"309";"org.eclipse.pde.internal.runtime.logview";0;0;7;0;0;0;0;7;0;0;0;-1;0;20;0;1;0;0;0;-1;1;-1;0;1;0
"310";"org.eclipse.ant.internal.core.ant";0;0;16;0;0;0;1;15;122;0;1;140;122;14;6;8;0;6;6;140;8;140;1;1;0
"311";"org.eclipse.ant.internal.ui";0;0;8;0;0;0;0;8;0;0;0;-1;0;28;0;4;0;0;0;-1;4;-1;0;1;3
"312";"org.eclipse.jdt.internal.ui.refactoring.code";0;0;8;0;0;0;1;7;0;0;0;-1;0;0;0;1;0;0;0;-1;1;-1;0;0;0
"313";"org.eclipse.swt.internal.image";0;0;4;0;0;0;0;4;0;0;0;-1;0;40;0;1;0;0;0;-1;1;-1;0;1;1
"314";"org.eclipse.debug.internal.ui.views.console";0;0;9;0;0;0;2;7;0;0;0;-1;0;56;0;3;1;0;0;-1;4;-1;0;3;1
"315";"org.eclipse.core.boot";0;0;2;0;0;0;0;2;0;0;0;-1;0;0;0;1;0;0;0;-1;1;-1;0;0;0
"316";"org.eclipse.ui.preferences";0;0;12;0;0;0;0;12;634;0;1;52;634;12;8;9;0;8;8;52;9;52;1;3;1
"317";"org.eclipse.ant.internal.ui.editor.utils";0;0;16;0;0;0;5;11;0;0;0;-1;0;0;0;2;2;0;0;-1;4;-1;0;0;0
"318";"org.eclipse.ant.internal.ui.console";0;0;6;0;0;0;2;4;0;0;0;-1;0;0;0;0;0;0;0;-1;0;-1;0;0;0
"319";"org.eclipse.update.operations";0;0;2;0;0;0;0;2;0;0;0;-1;0;16;0;1;0;0;0;-1;1;-1;0;1;0
"320";"org.eclipse.ui.internal.application";0;0;2;0;0;0;0;2;0;0;0;-1;0;0;0;0;0;0;0;-1;0;-1;0;0;0
"321";"org.osgi.util.tracker";0;0;6;0;0;0;1;5;0;0;0;-1;0;0;0;3;0;0;0;-1;3;-1;0;0;0
"322";"org.eclipse.pde.internal.ui.search";0;0;3;0;0;0;0;3;0;0;0;-1;0;71;0;1;0;0;0;-1;1;-1;0;2;0
"323";"org.eclipse.jdt.internal.ui.refactoring";0;0;9;0;0;0;1;8;0;0;0;-1;0;31;0;2;0;0;0;-1;2;-1;0;3;1
"324";"org.eclipse.jdt.internal.ui.callhierarchy";0;0;5;0;0;0;0;5;0;0;0;-1;0;82;0;0;0;0;0;-1;0;-1;0;3;1
"325";"org.eclipse.jdt.internal.ui.wizards";0;0;6;0;0;0;1;5;0;0;0;-1;0;16;0;0;0;0;0;-1;0;-1;0;3;14
"326";"org.eclipse.jface.text.hyperlink";0;0;8;0;0;0;2;6;0;0;0;-1;0;0;0;3;0;0;0;-1;3;-1;0;0;0
"327";"org.eclipse.ui.internal.editorsupport.win32";0;0;7;0;0;0;1;6;0;0;0;-1;0;0;0;3;0;0;0;-1;3;-1;0;0;1
"328";"org.eclipse.jdt.internal.ui.actions";0;0;9;0;0;0;2;7;0;0;0;-1;0;55;0;0;0;0;0;-1;0;-1;0;4;4
"329";"org.eclipse.core.internal.properties";0;0;4;0;0;0;0;4;0;0;0;-1;0;10;0;0;0;0;0;-1;0;-1;0;2;0
"330";"org.eclipse.update.internal.ui.properties";0;0;3;0;0;0;0;3;0;0;0;-1;0;20;0;0;0;0;0;-1;0;-1;0;1;0
"331";"org.eclipse.update.internal.scheduler";0;0;6;0;0;0;0;6;0;0;0;-1;0;20;0;1;0;0;0;-1;1;-1;0;1;0
"332";"org.eclipse.ltk.internal.ui.refactoring.util";0;0;2;0;0;0;0;2;0;0;0;-1;0;0;0;1;0;0;0;-1;1;-1;0;0;0
"333";"org.eclipse.jdt.internal.corext.callhierarchy";0;0;7;0;0;0;2;5;0;0;0;-1;0;24;0;0;0;0;0;-1;0;-1;0;3;0
"334";"org.eclipse.pde.ui.templates";0;0;4;0;0;0;0;4;0;0;0;-1;0;0;0;1;0;0;0;-1;1;-1;0;0;0
"335";"org.eclipse.pde.internal.ui.wizards.extension";0;0;7;0;0;0;0;7;0;0;0;-1;0;0;0;1;0;0;0;-1;1;-1;0;0;0
"336";"org.eclipse.jdt.internal.ui.javadocexport";0;0;6;0;0;0;2;4;0;0;0;-1;0;0;0;0;0;0;0;-1;0;-1;0;0;1
"337";"org.eclipse.jdt.internal.corext.refactoring.nls.changes";0;0;7;0;0;0;2;5;0;0;0;-1;0;0;0;0;0;0;0;-1;0;-1;0;0;0
"338";"org.eclipse.compare.rangedifferencer";0;0;3;0;0;0;0;3;0;0;0;-1;0;0;0;1;0;0;0;-1;1;-1;0;0;0
"339";"org.eclipse.ui.cheatsheets";0;0;3;0;0;0;0;3;0;0;0;-1;0;8;0;1;0;0;0;-1;1;-1;0;1;0
"340";"org.eclipse.search.internal.core.text";0;0;7;0;0;0;0;7;0;0;0;-1;0;94;0;2;0;0;0;-1;2;-1;0;3;1
"341";"org.eclipse.jdt.internal.ui.dnd";0;0;5;0;0;0;1;4;0;0;0;-1;0;0;0;2;0;0;0;-1;2;-1;0;0;0
"342";"org.eclipse.update.internal.configurator.branding";0;0;4;0;0;0;0;4;0;0;0;-1;0;0;0;1;0;0;0;-1;1;-1;0;0;0
"343";"org.eclipse.ui.internal.intro.impl.model";2;0;23;2;11;1;11;12;1227;0;1;196;1915;417;11;6;10;6;17;227;16;227;2;2;0
"344";"org.eclipse.help.ui.internal.browser.embedded";0;0;7;0;0;0;3;4;0;0;0;-1;0;0;0;1;1;0;0;-1;2;-1;0;0;0
"345";"org.eclipse.pde.internal.ui.wizards.plugin";0;0;10;0;0;0;0;10;2891;0;1;44;2891;136;6;6;0;6;6;44;6;44;1;1;0
"346";"org.eclipse.team.ui";0;0;9;0;0;0;2;7;0;0;0;-1;0;0;0;1;0;0;0;-1;1;-1;0;0;0
"347";"org.eclipse.jface.text.information";0;0;4;0;0;0;2;2;0;0;0;-1;0;0;0;1;0;0;0;-1;1;-1;0;0;0
"348";"org.eclipse.jdt.internal.formatter.comment";0;0;2;0;0;0;0;2;0;0;0;-1;0;0;0;1;0;0;0;-1;1;-1;0;1;0
"349";"org.eclipse.pde.internal.ui.launcher";0;0;14;0;0;0;2;12;0;0;0;-1;0;30;0;4;0;0;0;-1;4;-1;0;2;0
"350";"org.eclipse.debug.internal.ui.views.registers";0;0;4;0;0;0;1;3;0;0;0;-1;0;80;0;0;0;0;0;-1;0;-1;0;2;1
"351";"org.eclipse.ui.internal.forms.widgets";0;0;7;0;0;0;2;5;0;0;0;-1;0;6;0;1;0;0;0;-1;1;-1;0;1;0
"352";"org.eclipse.core.commands";0;0;6;0;0;0;0;6;0;0;0;-1;0;58;0;3;0;0;0;-1;3;-1;0;2;4
"353";"org.eclipse.debug.internal.ui";0;0;10;0;0;0;0;10;0;0;0;-1;0;229;0;2;0;0;0;-1;2;-1;0;3;8
"354";"org.eclipse.ui.views.markers.internal";0;0;3;0;0;0;0;3;0;0;0;-1;0;1744;0;1;0;0;0;-1;1;-1;0;3;9
"355";"org.eclipse.swt.internal.photon";0;0;6;0;0;0;0;6;0;0;0;-1;0;38;0;3;0;0;0;-1;3;-1;0;1;0
"356";"org.eclipse.help.ui";0;0;9;0;0;0;1;8;0;0;0;-1;0;0;0;4;0;0;0;-1;4;-1;0;0;0
"357";"org.eclipse.core.commands.operations";0;0;11;0;0;0;3;8;0;0;0;-1;0;0;0;4;1;0;0;-1;5;-1;0;0;4
"358";"org.eclipse.ui.internal.util";0;0;3;0;0;0;0;3;0;0;0;-1;0;0;0;1;0;0;0;-1;1;-1;0;0;0
"359";"org.eclipse.pde.internal.ui.build";0;0;8;0;0;0;0;8;0;0;0;-1;0;7;0;4;0;0;0;-1;4;-1;0;2;0
"360";"org.eclipse.jdt.internal.launching";0;0;7;0;0;0;1;6;0;0;0;-1;0;43;0;2;0;0;0;-1;2;-1;0;2;4
"361";"org.eclipse.pde.internal.ui.wizards.tools";0;0;7;0;0;0;0;7;0;0;0;-1;0;0;0;2;0;0;0;-1;2;-1;0;0;0
"362";"org.eclipse.help.ui.internal.util";0;0;3;0;0;0;0;3;0;0;0;-1;0;8;0;1;0;0;0;-1;1;-1;0;2;0
"363";"org.eclipse.jdt.core.eval";0;0;3;0;0;0;0;3;0;0;0;-1;0;0;0;0;0;0;0;-1;0;-1;0;0;0
"364";"org.eclipse.jface.bindings.keys";0;0;10;0;0;0;1;9;0;0;0;-1;0;211;0;5;0;0;0;-1;5;-1;0;2;0
"365";"org.eclipse.ui.internal.console";2;0;18;2;0;0;1;17;3053;0;1;18;3053;201;14;13;0;14;14;18;13;18;1;4;0
"366";"org.eclipse.ant.internal.ui.antsupport.logger";0;0;7;0;0;0;0;7;0;0;0;-1;0;0;0;0;0;0;0;-1;0;-1;0;0;1
"367";"org.eclipse.ui.internal.keys";0;0;3;0;0;0;0;3;0;0;0;-1;0;942;0;1;0;0;0;-1;1;-1;0;2;2
"368";"org.eclipse.jdt.internal.corext.refactoring.typeconstraints";0;0;5;0;0;0;1;4;0;0;0;-1;0;46;0;1;0;0;0;-1;1;-1;0;3;0
"369";"org.eclipse.jdt.internal.junit.util";0;0;3;0;0;0;1;2;0;0;0;-1;0;19;0;0;0;0;0;-1;0;-1;0;3;1
"370";"org.eclipse.jdt.ui.refactoring";0;0;10;0;0;0;1;9;0;0;0;-1;0;0;0;3;0;0;0;-1;3;-1;0;0;0
"371";"org.eclipse.jface.window";0;0;14;0;0;0;2;12;0;0;0;-1;0;14;0;7;0;0;0;-1;7;-1;0;2;1
"372";"org.eclipse.jface.text.reconciler";0;0;5;0;0;0;2;3;0;0;0;-1;0;16;0;1;0;0;0;-1;1;-1;0;1;0
"373";"org.eclipse.team.ui.synchronize";0;0;4;0;0;0;0;4;0;0;0;-1;0;281;0;1;0;0;0;-1;1;-1;0;2;0
"374";"org.eclipse.team.internal.ccvs.ui.console";0;0;3;0;0;0;0;3;0;0;0;-1;0;0;0;1;0;0;0;-1;1;-1;0;0;0
"375";"org.eclipse.pde.internal.core.search";0;0;3;0;0;0;0;3;0;0;0;-1;0;18;0;1;0;0;0;-1;1;-1;0;2;0
"376";"org.eclipse.search.ui";0;0;8;0;0;0;2;6;0;0;0;-1;0;12;0;1;1;0;0;-1;2;-1;0;3;0
"377";"org.eclipse.jdt.internal.ui.browsing";1;0;11;1;0;0;2;9;286;0;1;154;286;50;6;5;0;6;6;154;5;154;1;2;1
"378";"org.eclipse.jface.text.formatter";0;0;5;0;0;0;3;2;0;0;0;-1;0;0;0;0;1;0;0;-1;1;-1;0;0;0
"379";"org.eclipse.core.resources.refresh";0;0;2;0;0;0;0;2;0;0;0;-1;0;0;0;1;0;0;0;-1;1;-1;0;0;0
"380";"org.eclipse.team.internal.ccvs.ui";0;0;7;0;0;0;1;6;0;0;0;-1;0;6;0;2;0;0;0;-1;2;-1;0;1;12
"381";"org.eclipse.team.core.synchronize";0;0;4;0;0;0;1;3;0;0;0;-1;0;0;0;0;0;0;0;-1;0;-1;0;0;0
"382";"org.eclipse.ui.internal.part.multiplexer";0;0;4;0;0;0;0;4;0;0;0;-1;0;41;0;1;0;0;0;-1;1;-1;0;2;1
"383";"org.eclipse.debug.internal.ui.views.launch";0;0;19;0;0;0;4;15;0;0;0;-1;0;16;0;7;3;0;0;-1;10;-1;0;2;3
"384";"org.eclipse.update.internal.security";0;0;6;0;0;0;1;5;0;0;0;-1;0;8;0;2;1;0;0;-1;3;-1;0;1;0
"385";"org.eclipse.update.internal.ui.servlets";0;0;1;0;0;0;0;1;0;0;0;-1;0;0;0;0;0;0;0;-1;0;-1;0;0;0
"386";"org.eclipse.debug.core.sourcelookup";0;0;3;0;0;0;0;3;0;0;0;-1;0;0;0;0;0;0;0;-1;0;-1;0;0;0
"387";"org.eclipse.ui.internal.intro";0;0;3;0;0;0;0;3;0;0;0;-1;0;0;0;1;0;0;0;-1;1;-1;0;0;0
"388";"org.eclipse.swt.graphics";1;0;17;1;0;0;3;14;867;0;1;195;867;372;7;7;0;7;7;195;7;195;1;4;19
"389";"org.eclipse.swt.internal.gnome";0;0;5;0;0;0;3;2;0;0;0;-1;0;0;0;1;2;0;0;-1;3;-1;0;0;0
"390";"org.eclipse.jface.text.source.projection";0;0;12;0;0;0;4;8;0;0;0;-1;0;0;0;3;1;0;0;-1;4;-1;0;0;0
"391";"org.osgi.service.permissionadmin";0;0;3;0;0;0;1;2;0;0;0;-1;0;0;0;1;0;0;0;-1;1;-1;0;0;2
"392";"org.eclipse.ui.internal.wizards";0;0;5;0;0;0;0;5;0;0;0;-1;0;10;0;2;0;0;0;-1;2;-1;0;2;0
"393";"org.eclipse.pde.internal.core.feature";0;0;9;0;0;0;1;8;0;0;0;-1;0;0;0;1;0;0;0;-1;1;-1;0;0;0
"394";"org.eclipse.ui.internal.intro.impl.swt";0;0;5;0;0;0;0;5;0;0;0;-1;0;44;0;2;0;0;0;-1;2;-1;0;2;0
"395";"org.eclipse.help.internal.util";0;0;2;0;0;0;0;2;0;0;0;-1;0;0;0;0;0;0;0;-1;0;-1;0;0;0
"396";"org.eclipse.swt.printing";0;0;4;0;0;0;0;4;0;0;0;-1;0;0;0;1;0;0;0;-1;1;-1;0;0;1
"397";"org.eclipse.jdt.internal.debug.ui.console";0;0;6;0;0;0;0;6;0;0;0;-1;0;88;0;2;0;0;0;-1;2;-1;0;2;3
"398";"org.eclipse.core.filebuffers";0;0;6;0;0;0;3;3;0;0;0;-1;0;84;0;0;0;0;0;-1;0;-1;0;1;0
"399";"org.eclipse.help.internal.standalone";0;0;7;0;0;0;1;6;0;0;0;-1;0;4;0;1;0;0;0;-1;1;-1;0;1;0
"400";"org.eclipse.ui.activities";0;0;3;0;0;0;0;3;0;0;0;-1;0;461;0;1;0;0;0;-1;1;-1;0;2;3
"401";"org.eclipse.ui.actions";0;0;4;0;0;0;0;4;0;0;0;-1;0;0;0;1;0;0;0;-1;1;-1;0;0;9
"402";"org.eclipse.core.filebuffers.manipulation";0;0;6;0;0;0;2;4;0;0;0;-1;0;246;0;1;0;0;0;-1;1;-1;0;2;0
"403";"org.eclipse.jdt.internal.corext.refactoring.tagging";0;0;3;0;0;0;1;2;0;0;0;-1;0;10;0;1;0;0;0;-1;1;-1;0;2;1
"404";"org.eclipse.ui.internal.cheatsheets.dialogs";0;0;5;0;0;0;3;2;0;0;0;-1;0;0;0;0;2;0;0;-1;2;-1;0;0;0
"405";"org.eclipse.jdt.internal.debug.ui.classpath";0;0;3;0;0;0;0;3;0;0;0;-1;0;0;0;0;0;0;0;-1;0;-1;0;0;0
"406";"org.eclipse.help.internal.browser.macosx";0;0;2;0;0;0;0;2;0;0;0;-1;0;0;0;0;0;0;0;-1;0;-1;0;0;0
"407";"org.eclipse.debug.core.model";0;0;6;0;0;0;0;6;0;0;0;-1;0;32;0;1;0;0;0;-1;1;-1;0;3;2
"408";"org.eclipse.jdi.internal.event";0;0;3;0;0;0;0;3;0;0;0;-1;0;0;0;0;0;0;0;-1;0;-1;0;0;0
"409";"org.eclipse.ui.internal.ide.model";0;0;4;0;0;0;0;4;0;0;0;-1;0;87;0;1;0;0;0;-1;1;-1;0;3;1
"410";"org.eclipse.jdt.core.dom";0;0;6;0;0;0;0;6;0;0;0;-1;0;690;0;2;0;0;0;-1;2;-1;0;5;8
"411";"org.eclipse.swt.awt";0;0;8;0;0;0;2;6;0;0;0;-1;0;0;0;2;1;0;0;-1;3;-1;0;0;0
"412";"org.eclipse.pde.internal.ui.editor.text";0;0;4;0;0;0;0;4;0;0;0;-1;0;57;0;1;0;0;0;-1;1;-1;0;3;0
"413";"org.eclipse.jdt.internal.core.builder";0;0;8;0;0;0;0;8;0;0;0;-1;0;0;0;5;0;0;0;-1;5;-1;0;0;4
"414";"org.eclipse.update.internal.ui.wizards";0;0;4;0;0;0;0;4;0;0;0;-1;0;100;0;0;0;0;0;-1;0;-1;0;3;0
"415";"org.eclipse.ui.dialogs";0;0;3;0;0;0;0;3;0;0;0;-1;0;15;0;1;0;0;0;-1;1;-1;0;3;6
"416";"com.sun.jdi.connect";0;0;2;0;0;0;0;2;0;0;0;-1;0;0;0;0;0;0;0;-1;0;-1;0;0;0
"417";"org.eclipse.core.internal.jobs";0;0;7;0;0;0;0;7;0;0;0;-1;0;31;0;2;0;0;0;-1;2;-1;0;1;1
"418";"org.eclipse.pde.internal.ui.model.build";0;0;2;0;0;0;0;2;0;0;0;-1;0;0;0;0;0;0;0;-1;0;-1;0;0;0
"419";"org.eclipse.update.ui";0;0;7;0;0;0;4;3;0;0;0;-1;0;0;0;1;1;0;0;-1;2;-1;0;0;0
"420";"org.eclipse.ui.console";2;0;24;2;0;0;0;24;2683;0;1;18;2683;87;18;19;0;18;18;18;19;18;1;3;0
"421";"org.eclipse.swt";0;0;14;0;0;0;2;12;0;0;0;-1;0;0;0;8;1;0;0;-1;9;-1;0;0;1
"422";"org.eclipse.jdt.internal.debug.ui.monitors";0;0;9;0;0;0;1;8;0;0;0;-1;0;106;0;3;0;0;0;-1;3;-1;0;4;0
"423";"com.sun.jdi.event";0;0;3;0;0;0;0;3;0;0;0;-1;0;16;0;1;0;0;0;-1;1;-1;0;1;0
"424";"org.eclipse.pde.core.plugin";0;0;6;0;0;0;1;5;0;0;0;-1;0;6;0;2;0;0;0;-1;2;-1;0;1;0
"425";"org.eclipse.jdt.internal.corext.refactoring";0;0;6;0;0;0;1;5;0;0;0;-1;0;86;0;0;0;0;0;-1;0;-1;0;3;4
"426";"org.eclipse.jdt.internal.ui.infoviews";0;0;11;0;0;0;4;7;0;0;0;-1;0;369;0;2;2;0;0;-1;4;-1;0;4;0
"427";"org.eclipse.jdt.internal.core.util";0;0;5;0;0;0;0;5;0;0;0;-1;0;2796;0;1;0;0;0;-1;1;-1;0;6;14
"428";"org.eclipse.jdt.internal.compiler.parser.diagnose";0;0;2;0;0;0;0;2;0;0;0;-1;0;0;0;0;0;0;0;-1;0;-1;0;0;0
"429";"org.eclipse.debug.ui.actions";0;0;5;0;0;0;0;5;0;0;0;-1;0;8;0;1;0;0;0;-1;1;-1;0;1;3
"430";"org.eclipse.pde.internal.ui.editor.schema";0;0;9;0;0;0;1;8;0;0;0;-1;0;64;0;1;0;0;0;-1;1;-1;0;2;0
"431";"org.eclipse.core.internal.commands.util";0;0;3;0;0;0;0;3;0;0;0;-1;0;0;0;1;0;0;0;-1;1;-1;0;0;0
"432";"org.eclipse.help.internal";0;0;2;0;0;0;0;2;0;0;0;-1;0;0;0;1;0;0;0;-1;1;-1;0;0;0
"433";"org.eclipse.jdt.internal.ui.text.spelling.engine";0;0;5;0;0;0;2;3;0;0;0;-1;0;66;0;1;0;0;0;-1;1;-1;0;3;0
"434";"org.eclipse.jdt.core.jdom";0;0;2;0;0;0;0;2;0;0;0;-1;0;16;0;0;0;0;0;-1;0;-1;0;1;0
"435";"org.eclipse.ltk.internal.ui.refactoring";0;0;6;0;0;0;1;5;0;0;0;-1;0;119;0;1;0;0;0;-1;1;-1;0;3;0
"436";"org.eclipse.jdt.internal.ui.refactoring.sef";0;0;5;0;0;0;0;5;0;0;0;-1;0;0;0;0;0;0;0;-1;0;-1;0;0;0
"437";"org.eclipse.ui.forms.events";0;0;4;0;0;0;1;3;0;0;0;-1;0;6;0;1;0;0;0;-1;1;-1;0;1;0
"438";"org.eclipse.team.internal.ccvs.ui.tags";0;0;7;0;0;0;1;6;0;0;0;-1;0;456;0;2;0;0;0;-1;2;-1;0;1;0
"439";"org.eclipse.jdt.internal.corext.refactoring.participants";0;0;5;0;0;0;0;5;0;0;0;-1;0;0;0;0;0;0;0;-1;0;-1;0;0;0
"440";"org.eclipse.core.commands.contexts";0;0;6;0;0;0;0;6;0;0;0;-1;0;65;0;3;0;0;0;-1;3;-1;0;3;0
"441";"org.eclipse.core.internal.boot";0;0;5;0;0;0;1;4;0;0;0;-1;0;25;0;1;0;0;0;-1;1;-1;0;3;0
"442";"org.eclipse.update.internal.ui.security";0;0;3;0;0;0;0;3;0;0;0;-1;0;0;0;0;0;0;0;-1;0;-1;0;0;0
"443";"org.eclipse.jface.operation";0;0;7;0;0;0;0;7;0;0;0;-1;0;0;0;4;0;0;0;-1;4;-1;0;0;0
"444";"com.sun.jdi.connect.spi";0;0;2;0;0;0;0;2;0;0;0;-1;0;22;0;0;0;0;0;-1;0;-1;0;2;0
"445";"org.eclipse.jdt.internal.core.index";0;0;12;0;0;0;0;12;0;0;0;-1;0;0;0;5;0;0;0;-1;5;-1;0;0;0
"446";"org.eclipse.jdt.internal.core.jdom";0;0;5;0;0;0;0;5;0;0;0;-1;0;0;0;1;0;0;0;-1;1;-1;0;0;0
"447";"org.eclipse.team.internal.ui.dialogs";0;0;5;0;0;0;1;4;0;0;0;-1;0;9;0;1;0;0;0;-1;1;-1;0;1;1
"448";"org.eclipse.jdt.internal.ui.text.spelling";0;0;9;0;0;0;2;7;0;0;0;-1;0;128;0;4;0;0;0;-1;4;-1;0;3;2
"449";"org.eclipse.search.internal.ui.text";0;0;4;0;0;0;0;4;0;0;0;-1;0;34;0;1;0;0;0;-1;1;-1;0;3;2
"450";"org.eclipse.swt.custom";0;0;13;0;0;0;0;13;166;0;1;0;166;217;6;8;0;6;6;0;8;0;1;3;2
"451";"org.eclipse.jdt.internal.ui.text.correction";0;0;17;0;0;0;6;11;0;0;0;-1;0;82;0;3;4;0;0;-1;7;-1;0;4;26
"452";"org.eclipse.pde.internal.build.ant";0;0;5;0;0;0;0;5;0;0;0;-1;0;0;0;1;0;0;0;-1;1;-1;0;0;0
"453";"org.eclipse.debug.internal.ui.preferences";0;0;8;0;0;0;0;8;0;0;0;-1;0;0;0;2;0;0;0;-1;2;-1;0;0;0
"454";"org.eclipse.pde.internal.core.ischema";0;0;6;0;0;0;0;6;0;0;0;-1;0;89;0;2;0;0;0;-1;2;-1;0;2;0
"455";"org.eclipse.ui.internal.presentations.r21";0;0;3;0;0;0;0;3;0;0;0;-1;0;0;0;1;0;0;0;-1;1;-1;0;0;0
"456";"org.eclipse.team.internal.ccvs.ui.wizards";0;0;16;0;0;0;0;16;0;0;0;-1;0;400;0;8;0;0;0;-1;8;-1;0;2;3
"457";"org.eclipse.jdt.internal.junit.launcher";0;0;9;0;0;0;1;8;0;0;0;-1;0;0;0;3;0;0;0;-1;3;-1;0;0;1
"458";"org.eclipse.jdt.internal.corext.template.java";0;0;4;0;0;0;1;3;0;0;0;-1;0;116;0;1;0;0;0;-1;1;-1;0;3;0
"459";"org.eclipse.osgi.framework.internal.protocol";0;0;7;0;0;0;2;5;0;0;0;-1;0;51;0;2;0;0;0;-1;2;-1;0;2;4
"460";"org.eclipse.ui.internal.views.properties";0;0;1;0;0;0;0;1;0;0;0;-1;0;0;0;0;0;0;0;-1;0;-1;0;1;0
"461";"org.eclipse.help.ui.internal.views";3;0;17;3;0;0;0;17;5142;0;1;138;5142;224;16;15;0;16;16;138;15;138;1;3;0
"462";"org.eclipse.debug.internal.core.sourcelookup";0;0;2;0;0;0;0;2;0;0;0;-1;0;10;0;1;0;0;0;-1;1;-1;0;2;0
"463";"org.eclipse.jdt.ui.text.folding";0;0;3;0;0;0;2;1;0;0;0;-1;0;0;0;0;0;0;0;-1;0;-1;0;0;0
"464";"org.eclipse.core.internal.filebuffers";1;0;22;1;0;0;3;19;499;0;1;115;499;204;8;12;2;8;8;115;14;115;1;2;0
"465";"org.eclipse.ui.internal.ide";0;0;4;0;0;0;0;4;0;0;0;-1;0;15;0;1;0;0;0;-1;1;-1;0;3;10
"466";"org.eclipse.ui.browser";0;0;2;0;0;0;0;2;0;0;0;-1;0;69;0;1;0;0;0;-1;1;-1;0;2;0
"467";"org.eclipse.swt.internal.win32";4;0;28;3;0;0;0;28;175;14;2;52;237;213;14;23;0;20;20;87;23;87;2;4;1
"468";"org.eclipse.ui";0;0;8;0;0;0;0;8;0;0;0;-1;0;952;0;3;0;0;0;-1;3;-1;0;4;7
"469";"org.eclipse.jdt.internal.debug.ui.sourcelookup";0;0;2;0;0;0;0;2;0;0;0;-1;0;88;0;0;0;0;0;-1;0;-1;0;2;0
"470";"org.eclipse.team.internal.ccvs.core.resources";0;0;4;0;0;0;0;4;0;0;0;-1;0;96;0;1;0;0;0;-1;1;-1;0;1;2
"471";"org.eclipse.jdt.internal.corext.refactoring.util";0;0;5;0;0;0;1;4;0;0;0;-1;0;20;0;1;0;0;0;-1;1;-1;0;2;1
"472";"org.eclipse.update.internal.model";0;0;2;0;0;0;0;2;0;0;0;-1;0;0;0;0;0;0;0;-1;0;-1;0;0;0
"473";"org.eclipse.ui.internal.cheatsheets.actions";0;0;2;0;0;0;0;2;0;0;0;-1;0;10;0;1;0;0;0;-1;1;-1;0;1;0
"474";"org.eclipse.ant.internal.ui.editor.templates";0;0;4;0;0;0;0;4;0;0;0;-1;0;63;0;0;0;0;0;-1;0;-1;0;2;1
"475";"org.eclipse.osgi.framework.adaptor.core";1;0;19;1;0;0;6;13;1898;0;1;140;1898;43;11;10;4;11;11;140;14;140;1;2;3
"476";"org.eclipse.ui.internal.intro.impl.presentations";0;0;25;0;0;0;10;15;4803;0;1;196;4803;0;18;11;9;18;18;196;20;196;1;0;0
"477";"org.eclipse.osgi.framework.console";0;0;3;0;0;0;2;1;0;0;0;-1;0;0;0;0;0;0;0;-1;0;-1;0;0;0
"478";"org.eclipse.jdi.internal.connect";0;0;6;0;0;0;0;6;0;0;0;-1;0;0;0;1;0;0;0;-1;1;-1;0;0;0
"479";"org.eclipse.pde.internal.builders";0;0;9;0;0;0;0;9;0;0;0;-1;0;133;0;1;0;0;0;-1;1;-1;0;2;2
"480";"org.eclipse.core.internal.resources.refresh.win32";0;0;5;0;0;0;0;5;0;0;0;-1;0;19;0;2;0;0;0;-1;2;-1;0;1;0
"481";"org.eclipse.ui.internal";0;0;15;0;0;0;0;15;0;0;0;-1;0;7933;0;9;0;0;0;-1;9;-1;0;6;44
"482";"org.osgi.framework";0;0;5;0;0;0;1;4;0;0;0;-1;0;2165;0;2;0;0;0;-1;2;-1;0;2;25
"483";"org.eclipse.team.internal.ccvs.core.util";0;0;5;0;0;0;0;5;0;0;0;-1;0;6;0;1;0;0;0;-1;1;-1;0;1;2
"484";"org.eclipse.pde.internal.ui.ant";0;0;6;0;0;0;2;4;0;0;0;-1;0;100;0;1;0;0;0;-1;1;-1;0;2;0
"485";"org.eclipse.jdt.internal.corext.refactoring.nls";0;0;12;0;0;0;5;7;0;0;0;-1;0;26;0;1;4;0;0;-1;5;-1;0;3;0
"486";"org.eclipse.pde.internal.ui.editor";0;0;6;0;0;0;0;6;0;0;0;-1;0;34;0;2;0;0;0;-1;2;-1;0;2;0
"487";"org.eclipse.jdt.internal.ui.packageview";0;0;8;0;0;0;1;7;0;0;0;-1;0;45;0;1;0;0;0;-1;1;-1;0;3;5
"488";"org.eclipse.help.standalone";0;0;1;0;0;0;0;1;0;0;0;-1;0;4;0;0;0;0;0;-1;0;-1;0;1;0
"489";"org.eclipse.core.resources";0;0;6;0;0;0;1;5;0;0;0;-1;0;70;0;1;0;0;0;-1;1;-1;0;2;3
"490";"org.eclipse.jdt.internal.compiler.batch";0;0;3;0;0;0;1;2;0;0;0;-1;0;8;0;0;0;0;0;-1;0;-1;0;1;7
"491";"org.eclipse.debug.internal.ui.views.breakpoints";1;0;30;1;0;0;0;30;2126;10;3;49;3437;184;10;20;0;23;23;68;20;140;3;2;0
"492";"org.eclipse.core.runtime.model";0;0;2;0;0;0;0;2;0;0;0;-1;0;16;0;1;0;0;0;-1;1;-1;0;1;0
"493";"org.eclipse.osgi.service.environment";0;0;4;0;0;0;2;2;0;0;0;-1;0;0;0;0;0;0;0;-1;0;-1;0;0;0
"494";"org.eclipse.osgi.framework.util";0;0;5;0;0;0;1;4;0;0;0;-1;0;0;0;2;0;0;0;-1;2;-1;0;0;2
"495";"org.eclipse.ui.externaltools.internal.model";0;0;13;0;0;0;0;13;0;0;0;-1;0;0;0;9;0;0;0;-1;9;-1;0;0;0
"496";"org.eclipse.ui.console.actions";0;0;4;0;0;0;0;4;0;0;0;-1;0;24;0;0;0;0;0;-1;0;-1;0;3;0
"497";"org.eclipse.pde.ui";0;0;4;0;0;0;0;4;0;0;0;-1;0;6;0;1;0;0;0;-1;1;-1;0;1;0
"498";"org.eclipse.help.internal.toc";0;0;4;0;0;0;0;4;0;0;0;-1;0;4;0;0;0;0;0;-1;0;-1;0;1;0
"499";"org.eclipse.pde.internal.core.bundle";0;0;10;0;0;0;0;10;0;0;0;-1;0;40;0;5;0;0;0;-1;5;-1;0;2;0
"500";"org.eclipse.tomcat.internal";0;0;5;0;0;0;1;4;0;0;0;-1;0;0;0;0;0;0;0;-1;0;-1;0;0;0
"501";"org.eclipse.jdt.internal.corext.buildpath";1;0;9;1;0;0;1;8;3540;0;1;133;3540;10;6;5;0;6;6;133;5;133;1;2;0
"502";"org.eclipse.ui.internal.presentations";0;0;6;0;0;0;3;3;0;0;0;-1;0;439;0;1;1;0;0;-1;2;-1;0;3;0
"503";"org.eclipse.core.resources.ant";0;0;2;0;0;0;0;2;0;0;0;-1;0;28;0;0;0;0;0;-1;0;-1;0;2;0
"504";"org.eclipse.ui.model";0;0;3;0;0;0;0;3;0;0;0;-1;0;0;0;1;0;0;0;-1;1;-1;0;0;0
"505";"org.eclipse.jdi.hcr";0;0;2;0;0;0;0;2;0;0;0;-1;0;0;0;0;0;0;0;-1;0;-1;0;0;0
"506";"org.eclipse.jdt.internal.core.eval";0;0;4;0;0;0;0;4;0;0;0;-1;0;0;0;1;0;0;0;-1;1;-1;0;0;0
"507";"org.eclipse.jdt.internal.core.search.processing";0;0;1;0;0;0;0;1;0;0;0;-1;0;0;0;0;0;0;0;-1;0;-1;0;0;0
"508";"org.eclipse.debug.internal.ui.views";0;0;10;0;0;0;4;6;0;0;0;-1;0;16;0;1;2;0;0;-1;3;-1;0;2;2
"509";"org.eclipse.pde.internal.ui.util";0;0;5;0;0;0;0;5;0;0;0;-1;0;42;0;2;0;0;0;-1;2;-1;0;2;0
"510";"org.eclipse.core.runtime.dynamichelpers";0;0;4;0;0;0;2;2;0;0;0;-1;0;107;0;1;0;0;0;-1;1;-1;0;2;0
"511";"org.eclipse.jdt.internal.corext.refactoring.code.flow";0;0;6;0;0;0;1;5;0;0;0;-1;0;76;0;1;0;0;0;-1;1;-1;0;2;1
"512";"org.eclipse.update.standalone";0;0;5;0;0;0;0;5;0;0;0;-1;0;0;0;2;0;0;0;-1;2;-1;0;0;0
"513";"org.eclipse.compare.internal.merge";0;0;3;0;0;0;0;3;0;0;0;-1;0;37;0;1;0;0;0;-1;1;-1;0;1;0
"514";"org.eclipse.jdt.internal.debug.ui.snippeteditor";0;0;4;0;0;0;0;4;0;0;0;-1;0;16;0;0;0;0;0;-1;0;-1;0;1;0
"515";"org.eclipse.update.configurator";0;0;3;0;0;0;0;3;0;0;0;-1;0;9;0;0;0;0;0;-1;0;-1;0;2;0
"516";"org.eclipse.jdt.internal.ui.text.template.contentassist";0;0;7;0;0;0;2;5;0;0;0;-1;0;48;0;0;0;0;0;-1;0;-1;0;2;0
"517";"org.eclipse.core.internal.resources";0;0;8;0;0;0;0;8;0;0;0;-1;0;219;0;3;0;0;0;-1;3;-1;0;2;14
"518";"org.eclipse.debug.internal.ui.views.expression";0;0;8;0;0;0;0;8;0;0;0;-1;0;0;0;2;0;0;0;-1;2;-1;0;0;2
"519";"org.eclipse.osgi.internal.resolver";0;0;7;0;0;0;0;7;0;0;0;-1;0;0;0;3;0;0;0;-1;3;-1;0;0;3
"520";"org.eclipse.debug.internal.ui.actions.breakpointGroups";0;0;13;0;0;0;0;13;0;0;0;-1;0;409;0;7;0;0;0;-1;7;-1;0;3;0
"521";"org.eclipse.help.internal.webapp";0;0;4;0;0;0;1;3;0;0;0;-1;0;0;0;0;0;0;0;-1;0;-1;0;0;0
"522";"org.eclipse.jface.dialogs";0;0;9;0;0;0;0;9;0;0;0;-1;0;70;0;4;0;0;0;-1;4;-1;0;3;5
"523";"org.eclipse.ui.internal.part.services";0;0;4;0;0;0;0;4;0;0;0;-1;0;60;0;1;0;0;0;-1;1;-1;0;2;0
"524";"org.eclipse.ui.application";0;0;7;0;0;0;2;5;0;0;0;-1;0;0;0;2;0;0;0;-1;2;-1;0;0;0
"525";"org.eclipse.update.search";0;0;5;0;0;0;0;5;0;0;0;-1;0;0;0;1;0;0;0;-1;1;-1;0;0;0
"526";"org.eclipse.pde.internal.ui.model.bundle";0;0;4;0;0;0;1;3;0;0;0;-1;0;4;0;0;0;0;0;-1;0;-1;0;1;0
"527";"org.eclipse.core.internal.runtime";0;0;6;0;0;0;0;6;0;0;0;-1;0;104;0;1;0;0;0;-1;1;-1;0;2;1
"528";"org.eclipse.debug.internal.ui.views.memory.renderings";0;0;5;0;0;0;0;5;0;0;0;-1;0;619;0;1;0;0;0;-1;1;-1;0;4;2
"529";"org.eclipse.update.core.model";0;0;7;0;0;0;0;7;0;0;0;-1;0;111;0;2;0;0;0;-1;2;-1;0;2;0
"530";"org.eclipse.jface.text.rules";0;0;8;0;0;0;2;6;0;0;0;-1;0;18;0;1;0;0;0;-1;1;-1;0;1;0
"531";"org.eclipse.core.runtime.preferences";0;0;3;0;0;0;0;3;0;0;0;-1;0;65;0;0;0;0;0;-1;0;-1;0;2;0
"532";"org.eclipse.osgi.framework.internal.defaultadaptor";0;0;7;0;0;0;0;7;0;0;0;-1;0;0;0;4;0;0;0;-1;4;-1;0;0;0
"533";"org.eclipse.swt.internal.mozilla";0;0;5;0;0;0;1;4;0;0;0;-1;0;3541;0;2;0;0;0;-1;2;-1;0;3;1
"534";"org.eclipse.jdt.internal.compiler.codegen";0;0;10;0;0;0;0;10;0;0;0;-1;0;0;0;3;0;0;0;-1;3;-1;0;0;16
"535";"org.eclipse.ui.internal.operations";0;0;3;0;0;0;3;0;0;0;0;-1;0;0;0;0;1;0;0;-1;1;-1;0;0;0
"536";"org.eclipse.team.internal.core.subscribers";0;0;4;0;0;0;0;4;0;0;0;-1;0;0;0;1;0;0;0;-1;1;-1;0;0;0
"537";"org.eclipse.ltk.internal.core.refactoring";0;0;7;0;0;0;0;7;0;0;0;-1;0;6;0;2;0;0;0;-1;2;-1;0;1;0
"538";"org.eclipse.ltk.core.refactoring";0;0;4;0;0;0;0;4;0;0;0;-1;0;40;0;2;0;0;0;-1;2;-1;0;2;0
"539";"org.eclipse.debug.internal.ui.elements.adapters";0;0;3;0;0;0;0;3;0;0;0;-1;0;16;0;1;0;0;0;-1;1;-1;0;2;0
"540";"org.eclipse.debug.internal.ui.actions";0;0;6;0;0;0;0;6;0;0;0;-1;0;157;0;1;0;0;0;-1;1;-1;0;4;2
"541";"org.eclipse.pde.internal.ui";0;0;8;0;0;0;0;8;0;0;0;-1;0;0;0;1;0;0;0;-1;1;-1;0;0;0
"542";"org.eclipse.jdi.internal.request";0;0;3;0;0;0;0;3;0;0;0;-1;0;24;0;0;0;0;0;-1;0;-1;0;1;0
"543";"org.eclipse.core.runtime.adaptor";0;0;15;0;0;0;4;11;0;0;0;-1;0;0;0;3;0;0;0;-1;3;-1;0;0;4
"544";"org.eclipse.jdt.internal.debug.ui.propertypages";0;0;9;0;0;0;0;9;0;0;0;-1;0;8;0;3;0;0;0;-1;3;-1;0;1;0
"545";"org.eclipse.team.internal.ccvs.ui.repo";0;0;11;0;0;0;1;10;0;0;0;-1;0;38;0;2;0;0;0;-1;2;-1;0;1;0
"546";"org.eclipse.jdt.internal.ui.javaeditor";0;0;7;0;0;0;1;6;0;0;0;-1;0;299;0;2;0;0;0;-1;2;-1;0;4;10
"547";"org.eclipse.ltk.core.refactoring.participants";0;0;6;0;0;0;0;6;0;0;0;-1;0;32;0;2;0;0;0;-1;2;-1;0;1;0
"548";"org.eclipse.ui.internal.registry";0;0;7;0;0;0;1;6;0;0;0;-1;0;10;0;2;0;0;0;-1;2;-1;0;3;3
"549";"org.eclipse.jdt.internal.corext.javadoc";0;0;5;0;0;0;1;4;0;0;0;-1;0;0;0;1;0;0;0;-1;1;-1;0;0;0
"550";"org.eclipse.team.internal.ccvs.ui.actions";0;0;11;0;0;0;2;9;0;0;0;-1;0;55;0;2;1;0;0;-1;3;-1;0;2;0
"551";"org.eclipse.ui.internal.intro.impl.model.util";0;0;4;0;0;0;4;0;0;0;0;-1;0;0;0;0;2;0;0;-1;2;-1;0;0;0
"552";"org.eclipse.jdt.internal.core.search.indexing";0;0;9;0;0;0;0;9;0;0;0;-1;0;0;0;4;0;0;0;-1;4;-1;0;0;0
"553";"org.eclipse.debug.internal.ui.launchConfigurations";0;0;12;0;0;0;1;11;0;0;0;-1;0;8;0;3;0;0;0;-1;3;-1;0;1;3
"554";"org.eclipse.pde.internal.ui.wizards.feature";0;0;5;0;0;0;0;5;0;0;0;-1;0;6;0;0;0;0;0;-1;0;-1;0;1;0
"555";"org.eclipse.jdt.internal.ui.compare";0;0;7;0;0;0;0;7;0;0;0;-1;0;62;0;1;0;0;0;-1;1;-1;0;4;1
"556";"org.eclipse.team.internal.ccvs.ssh2";0;0;5;0;0;0;0;5;0;0;0;-1;0;0;0;1;0;0;0;-1;1;-1;0;0;0
"557";"org.eclipse.jdt.ui.text.java";0;0;4;0;0;0;2;2;0;0;0;-1;0;316;0;1;0;0;0;-1;1;-1;0;4;1
"558";"org.eclipse.help.internal.workingset";0;0;3;0;0;0;0;3;0;0;0;-1;0;26;0;0;0;0;0;-1;0;-1;0;3;0
"559";"org.eclipse.ui.internal.intro.impl.html";0;0;5;0;0;0;0;5;0;0;0;-1;0;12;0;0;0;0;0;-1;0;-1;0;2;0
"560";"org.eclipse.jdt.internal.junit.refactoring";0;0;4;0;0;0;1;3;0;0;0;-1;0;28;0;1;0;0;0;-1;1;-1;0;1;0
"561";"org.eclipse.jdt.internal.formatter.align";0;0;7;0;0;0;1;6;0;0;0;-1;0;0;0;2;0;0;0;-1;2;-1;0;0;0
"562";"org.eclipse.jdt.internal.debug.core.breakpoints";0;0;9;0;0;0;1;8;0;0;0;-1;0;135;0;2;0;0;0;-1;2;-1;0;5;0
"563";"org.eclipse.jdt.core.compiler";0;0;36;0;0;0;0;36;201;19;2;67;256;10;19;31;0;26;26;67;31;123;2;2;1
"564";"org.eclipse.jdt.internal.corext.refactoring.base";0;0;4;0;0;0;1;3;0;0;0;-1;0;0;0;0;0;0;0;-1;0;-1;0;0;0
"565";"org.eclipse.help.internal.appserver";0;0;2;0;0;0;0;2;0;0;0;-1;0;17;0;0;0;0;0;-1;0;-1;0;1;0
"566";"org.eclipse.ui.internal.intro.impl.model.url";0;0;13;0;9;1;13;0;61;0;0;237;61;0;9;0;11;0;9;237;11;237;1;0;0
"567";"org.eclipse.core.internal.watson";0;0;4;0;0;0;0;4;0;0;0;-1;0;8;0;1;0;0;0;-1;1;-1;0;1;0
"568";"org.eclipse.jdt.ui.search";0;0;4;0;0;0;1;3;0;0;0;-1;0;0;0;1;0;0;0;-1;1;-1;0;0;0
"569";"org.eclipse.ltk.ui.refactoring";0;0;5;0;0;0;1;4;0;0;0;-1;0;0;0;0;0;0;0;-1;0;-1;0;0;0
"570";"org.eclipse.ui.handlers";0;0;5;0;0;0;1;4;0;0;0;-1;0;0;0;3;0;0;0;-1;3;-1;0;0;1
"571";"org.eclipse.jdt.internal.ui.workingsets";0;0;6;0;0;0;1;5;0;0;0;-1;0;10;0;2;0;0;0;-1;2;-1;0;2;1
"572";"org.eclipse.swt.internal";1;0;16;1;0;0;0;16;92;0;1;78;92;36;6;11;0;6;6;78;11;78;1;2;0
"573";"org.eclipse.ant.internal.ui.editor";0;0;13;0;0;0;2;11;0;0;0;-1;0;30;0;5;0;0;0;-1;5;-1;0;1;2
"574";"org.eclipse.compare";0;0;5;0;0;0;0;5;0;0;0;-1;0;8;0;1;0;0;0;-1;1;-1;0;1;0
"575";"org.eclipse.ui.externaltools.internal.ui";0;0;13;0;0;0;0;13;0;0;0;-1;0;0;0;5;0;0;0;-1;5;-1;0;0;1
"576";"org.eclipse.jdt.core.util";0;0;4;0;0;0;0;4;0;0;0;-1;0;16;0;1;0;0;0;-1;1;-1;0;1;2
"577";"org.eclipse.pde.internal.core";0;0;5;0;0;0;0;5;0;0;0;-1;0;26;0;0;0;0;0;-1;0;-1;0;1;1
"578";"org.eclipse.ui.views.tasklist";0;0;3;0;0;0;0;3;0;0;0;-1;0;253;0;1;0;0;0;-1;1;-1;0;4;0
"579";"org.eclipse.ui.operations";0;0;17;0;6;1;7;10;1057;0;0;225;1057;0;6;7;5;0;6;225;12;225;1;0;6
"580";"org.eclipse.jdt.internal.ui.wizards.buildpaths";0;0;6;0;0;0;1;5;0;0;0;-1;0;351;0;1;0;0;0;-1;1;-1;0;4;6
"581";"org.eclipse.ui.internal.browser.macosx";0;0;3;0;0;0;1;2;0;0;0;-1;0;22;0;1;0;0;0;-1;1;-1;0;1;0
"582";"org.eclipse.update.internal.ui.parts";0;0;2;0;0;0;0;2;0;0;0;-1;0;10;0;0;0;0;0;-1;0;-1;0;2;0
"583";"org.eclipse.help.ui.internal";0;0;15;0;0;0;2;13;155;0;1;138;155;167;7;7;0;7;7;138;7;138;1;2;3
"584";"org.eclipse.ui.internal.intro.impl.model.viewer";0;0;9;0;0;0;3;6;0;0;0;-1;0;0;0;2;2;0;0;-1;4;-1;0;0;0
"585";"org.eclipse.ui.internal.dnd";0;0;6;0;0;0;2;4;0;0;0;-1;0;838;0;1;0;0;0;-1;1;-1;0;2;1
"586";"org.eclipse.ant.internal.ui.views";0;0;5;0;0;0;0;5;0;0;0;-1;0;8;0;0;0;0;0;-1;0;-1;0;1;0
"587";"org.eclipse.jface.viewers";0;0;6;0;0;0;1;5;0;0;0;-1;0;1164;0;2;0;0;0;-1;2;-1;0;3;7
"588";"org.eclipse.ui.internal.activities.ws";0;0;3;0;0;0;0;3;0;0;0;-1;0;418;0;1;0;0;0;-1;1;-1;0;2;1
"589";"org.eclipse.ui.editors.text.templates";0;0;4;0;0;0;2;2;0;0;0;-1;0;43;0;0;0;0;0;-1;0;-1;0;1;0
"590";"org.eclipse.ui.internal.themes";0;0;8;0;0;0;0;8;0;0;0;-1;0;16;0;3;0;0;0;-1;3;-1;0;1;7
"591";"org.eclipse.ant.internal.ui.editor.derived";0;0;2;0;0;0;0;2;0;0;0;-1;0;8;0;0;0;0;0;-1;0;-1;0;1;0
"592";"org.eclipse.jdt.ui.text";0;0;8;0;0;0;1;7;0;0;0;-1;0;59;0;3;0;0;0;-1;3;-1;0;2;0
"593";"org.eclipse.ui.intro.config";0;0;6;0;0;0;2;4;0;0;0;-1;0;0;0;1;1;0;0;-1;2;-1;0;0;0
"594";"org.eclipse.pde.internal.ui.search.dependencies";0;0;6;0;0;0;0;6;0;0;0;-1;0;12;0;2;0;0;0;-1;2;-1;0;2;0
"595";"org.eclipse.swt.tools.internal";0;0;5;0;0;0;0;5;0;0;0;-1;0;57;0;2;0;0;0;-1;2;-1;0;2;0
"596";"org.eclipse.jdt.internal.debug.ui.actions";0;0;13;0;0;0;0;13;0;0;0;-1;0;432;0;6;0;0;0;-1;6;-1;0;5;7
"597";"org.eclipse.update.configuration";0;0;2;0;0;0;0;2;0;0;0;-1;0;6;0;0;0;0;0;-1;0;-1;0;1;0
"598";"org.eclipse.team.internal.ccvs.ui.model";0;0;4;0;0;0;0;4;0;0;0;-1;0;0;0;1;0;0;0;-1;1;-1;0;0;0
"599";"org.eclipse.jdt.internal.ui.text.comment";0;0;8;0;0;0;1;7;0;0;0;-1;0;0;0;3;1;0;0;-1;4;-1;0;0;0
"600";"org.eclipse.jdt.internal.codeassist.complete";0;0;3;0;0;0;0;3;0;0;0;-1;0;64;0;1;0;0;0;-1;1;-1;0;4;1
"601";"org.eclipse.swt.internal.gtk";0;0;11;0;0;0;0;11;98;0;1;147;98;22;8;8;0;8;8;147;8;147;1;4;0
"602";"org.eclipse.osgi.internal.module";0;0;4;0;0;0;0;4;0;0;0;-1;0;0;0;2;0;0;0;-1;2;-1;0;0;0
"603";"org.eclipse.swt.internal.cde";0;0;6;0;0;0;0;6;0;0;0;-1;0;0;0;2;0;0;0;-1;2;-1;0;0;0
"604";"org.eclipse.debug.internal.ui.views.variables";0;0;7;0;0;0;1;6;0;0;0;-1;0;0;0;0;0;0;0;-1;0;-1;0;1;6
"605";"org.eclipse.pde.internal.ui.model";0;0;4;0;0;0;0;4;0;0;0;-1;0;12;0;1;0;0;0;-1;1;-1;0;2;0
"606";"org.eclipse.jdi.internal.jdwp";0;0;5;0;0;0;1;4;0;0;0;-1;0;110;0;1;0;0;0;-1;1;-1;0;2;0
"607";"org.eclipse.update.internal.mirror";0;0;3;0;0;0;1;2;0;0;0;-1;0;0;0;1;0;0;0;-1;1;-1;0;0;0
"608";"org.eclipse.pde.internal.build.site";0;0;6;0;0;0;0;6;0;0;0;-1;0;27;0;1;0;0;0;-1;1;-1;0;2;0
"609";"org.eclipse.jface.internal.text.link.contentassist";0;0;5;0;0;0;2;3;0;0;0;-1;0;122;0;0;0;0;0;-1;0;-1;0;1;0
"610";"org.eclipse.help.internal.search.federated";0;0;7;0;0;0;1;6;0;0;0;-1;0;0;0;4;0;0;0;-1;4;-1;0;0;0
"611";"org.eclipse.team.internal.ccvs.core.syncinfo";0;0;5;0;0;0;1;4;0;0;0;-1;0;15;0;1;0;0;0;-1;1;-1;0;1;1
"612";"org.eclipse.jdt.ui.jarpackager";0;0;6;0;0;0;2;4;0;0;0;-1;0;0;0;0;0;0;0;-1;0;-1;0;0;0
"613";"org.eclipse.pde.internal.core.util";0;0;2;0;0;0;0;2;0;0;0;-1;0;0;0;0;0;0;0;-1;0;-1;0;0;0
"614";"org.eclipse.jdt.internal.corext.refactoring.reorg";0;0;10;0;0;0;1;9;0;0;0;-1;0;257;0;2;0;0;0;-1;2;-1;0;3;2
"615";"org.eclipse.help.ui.internal.browser";0;0;10;0;0;0;4;6;0;0;0;-1;0;0;0;3;3;0;0;-1;6;-1;0;0;0
"616";"org.eclipse.debug.core.sourcelookup.containers";0;0;6;0;0;0;1;5;0;0;0;-1;0;96;0;0;0;0;0;-1;0;-1;0;2;1
"617";"org.eclipse.ui.ide";1;0;12;1;0;0;1;11;444;0;1;163;444;505;9;9;0;9;9;163;9;163;1;1;2
"618";"org.eclipse.ant.internal.ui.antsupport";0;0;8;0;0;0;0;8;0;0;0;-1;0;33;0;3;0;0;0;-1;3;-1;0;1;0
"619";"org.eclipse.ui.internal.wizards.datatransfer";0;0;7;0;0;0;0;7;0;0;0;-1;0;93;0;4;0;0;0;-1;4;-1;0;3;8
"620";"org.eclipse.ui.internal.presentations.r21.widgets";0;0;4;0;0;0;0;4;0;0;0;-1;0;73;0;1;0;0;0;-1;1;-1;0;1;0
"621";"org.eclipse.debug.internal.ui.sourcelookup.browsers";0;0;4;0;0;0;0;4;0;0;0;-1;0;18;0;1;0;0;0;-1;1;-1;0;2;4
"622";"org.eclipse.ui.internal.handlers";0;0;5;0;0;0;1;4;0;0;0;-1;0;406;0;3;0;0;0;-1;3;-1;0;1;4
"623";"org.eclipse.jdt.junit";0;0;2;0;0;0;1;1;0;0;0;-1;0;0;0;0;0;0;0;-1;0;-1;0;0;0
"624";"org.eclipse.jdt.internal.debug.eval.ast.instructions";0;0;4;0;0;0;0;4;0;0;0;-1;0;72;0;1;0;0;0;-1;1;-1;0;3;0
"625";"org.eclipse.pde.internal.ui.editor.product";3;0;15;3;0;0;0;15;2655;0;1;138;2655;2047;13;12;0;13;13;138;12;138;1;3;0
"626";"org.eclipse.jdt.internal.launching.macosx";0;0;5;0;0;0;0;5;0;0;0;-1;0;0;0;1;0;0;0;-1;1;-1;0;0;0
"627";"org.eclipse.ant.internal.ui.datatransfer";0;0;5;0;0;0;1;4;0;0;0;-1;0;0;0;2;0;0;0;-1;2;-1;0;0;0
"628";"org.eclipse.ui.internal.cheatsheets.registry";0;0;2;0;0;0;0;2;0;0;0;-1;0;0;0;1;0;0;0;-1;1;-1;0;1;0
"629";"org.eclipse.help.internal.base";0;0;5;0;0;0;0;5;0;0;0;-1;0;22;0;2;0;0;0;-1;2;-1;0;1;0
"630";"org.eclipse.jdt.internal.debug.core.hcr";0;0;4;0;0;0;0;4;0;0;0;-1;0;0;0;1;0;0;0;-1;1;-1;0;0;1
"631";"org.eclipse.jface.resource";0;0;4;0;0;0;0;4;0;0;0;-1;0;2225;0;1;0;0;0;-1;1;-1;0;5;1
"632";"org.eclipse.team.core.variants";0;0;5;0;0;0;1;4;0;0;0;-1;0;18;0;0;0;0;0;-1;0;-1;0;1;0
"633";"org.eclipse.ui.presentations";0;0;3;0;0;0;0;3;0;0;0;-1;0;26;0;1;0;0;0;-1;1;-1;0;1;0
"634";"org.eclipse.ant.internal.ui.antsupport.logger.debug";0;0;4;0;0;0;0;4;0;0;0;-1;0;0;0;0;0;0;0;-1;0;-1;0;0;0
"635";"org.eclipse.update.internal.ui.views";0;0;9;0;0;0;3;6;0;0;0;-1;0;6;0;0;2;0;0;-1;2;-1;0;1;0
"636";"org.eclipse.update.internal.core";0;0;8;0;0;0;0;8;0;0;0;-1;0;38;0;1;0;0;0;-1;1;-1;0;2;0
"637";"org.eclipse.ui.internal.presentations.util";0;0;9;0;0;0;2;7;0;0;0;-1;0;391;0;2;0;0;0;-1;2;-1;0;3;3
"638";"org.eclipse.jdt.internal.corext.codemanipulation";0;0;22;0;0;0;3;19;0;0;0;-1;0;52;0;10;1;0;0;-1;11;-1;0;5;7
"639";"org.eclipse.ui.intro";0;0;3;0;0;0;0;3;0;0;0;-1;0;0;0;1;0;0;0;-1;1;-1;0;0;0
"640";"org.eclipse.team.core";0;0;4;0;0;0;0;4;0;0;0;-1;0;0;0;1;0;0;0;-1;1;-1;0;0;2
"641";"org.eclipse.team.core.subscribers";0;0;4;0;0;0;1;3;0;0;0;-1;0;0;0;1;0;0;0;-1;1;-1;0;0;1
"642";"org.eclipse.jdt.internal.corext.refactoring.generics";0;0;23;0;12;1;12;11;1596;0;0;235;1596;0;12;7;11;0;12;235;18;235;1;1;4
"643";"org.eclipse.jdt.internal.ui.refactoring.actions";0;0;10;0;0;0;2;8;0;0;0;-1;0;0;0;0;0;0;0;-1;0;-1;0;0;0
"644";"org.eclipse.jdt.internal.ui.text.java.hover";0;0;8;0;0;0;2;6;0;0;0;-1;0;140;0;2;0;0;0;-1;2;-1;0;2;0
"645";"org.eclipse.ui.internal.editors.text";0;0;10;0;0;0;2;8;0;0;0;-1;0;146;0;1;1;0;0;-1;2;-1;0;4;0
"646";"org.eclipse.ui.internal.editors.quickdiff";0;0;9;0;0;0;2;7;0;0;0;-1;0;191;0;4;0;0;0;-1;4;-1;0;2;0
"647";"org.eclipse.jdt.internal.debug.core.model";0;0;8;0;0;0;1;7;0;0;0;-1;0;203;0;1;0;0;0;-1;1;-1;0;5;2
"648";"org.eclipse.ui.internal.ide.actions";0;0;8;0;0;0;1;7;0;0;0;-1;0;225;0;2;0;0;0;-1;2;-1;0;5;1
"649";"org.eclipse.pde.internal.ui.editor.feature";0;0;7;0;0;0;0;7;0;0;0;-1;0;659;0;2;0;0;0;-1;2;-1;0;3;0
"650";"org.eclipse.jdt.internal.debug.core.logicalstructures";0;0;5;0;0;0;0;5;0;0;0;-1;0;0;0;0;0;0;0;-1;0;-1;0;0;0
"651";"org.eclipse.pde.internal.build";0;0;8;0;0;0;1;7;0;0;0;-1;0;135;0;2;0;0;0;-1;2;-1;0;3;0
"652";"org.eclipse.compare.internal.patch";0;0;4;0;0;0;1;3;0;0;0;-1;0;0;0;0;0;0;0;-1;0;-1;0;0;3
"653";"org.eclipse.pde.internal.build.packager";0;0;8;0;0;0;3;5;0;0;0;-1;0;107;0;2;1;0;0;-1;3;-1;0;1;0
"654";"org.eclipse.debug.internal.ui.sourcelookup";0;0;4;0;0;0;0;4;0;0;0;-1;0;26;0;1;0;0;0;-1;1;-1;0;2;1
"655";"org.eclipse.pde.internal.ui.wizards.product";0;0;9;0;0;0;3;6;0;0;0;-1;0;112;0;2;2;0;0;-1;4;-1;0;2;0
"656";"org.eclipse.jdt.internal.core.search";0;0;4;0;0;0;0;4;0;0;0;-1;0;0;0;1;0;0;0;-1;1;-1;0;0;1
"657";"org.eclipse.jdt.debug.core";0;0;4;0;0;0;0;4;0;0;0;-1;0;42;0;1;0;0;0;-1;1;-1;0;2;0
"658";"org.eclipse.ui.internal.cheatsheets";0;0;2;0;0;0;0;2;0;0;0;-1;0;0;0;1;0;0;0;-1;1;-1;0;0;0
"659";"org.eclipse.ui.internal.decorators";0;0;6;0;0;0;3;3;0;0;0;-1;0;964;0;1;0;0;0;-1;1;-1;0;4;5
"660";"org.eclipse.pde.internal.ui.wizards.site";0;0;6;0;0;0;0;6;0;0;0;-1;0;0;0;2;0;0;0;-1;2;-1;0;0;0
"661";"org.eclipse.swt.accessibility";0;0;3;0;0;0;0;3;0;0;0;-1;0;20;0;0;0;0;0;-1;0;-1;0;1;1
"662";"org.eclipse.osgi.internal.profile";0;0;2;0;0;0;2;0;0;0;0;-1;0;0;0;0;1;0;0;-1;1;-1;0;1;0
"663";"org.eclipse.debug.core";0;0;10;0;0;0;0;10;0;0;0;-1;0;32;0;5;0;0;0;-1;5;-1;0;2;2
"664";"org.eclipse.jdt.internal.corext.refactoring.surround";0;0;4;0;0;0;1;3;0;0;0;-1;0;0;0;1;0;0;0;-1;1;-1;0;0;0
"665";"org.eclipse.ui.internal.contexts";0;0;10;0;0;0;3;7;0;0;0;-1;0;188;0;3;1;0;0;-1;4;-1;0;1;0
"666";"org.eclipse.ant.internal.core.contentDescriber";0;0;1;0;0;0;1;0;0;0;0;-1;0;0;0;0;0;0;0;-1;0;-1;0;1;0
"667";"org.eclipse.ui.internal.about";0;0;4;0;0;0;0;4;0;0;0;-1;0;159;0;2;0;0;0;-1;2;-1;0;3;0
"668";"org.eclipse.ui.externaltools.internal.variables";0;0;4;0;0;0;0;4;0;0;0;-1;0;0;0;1;0;0;0;-1;1;-1;0;0;0
"669";"org.eclipse.ui.contexts";0;0;6;0;0;0;0;6;0;0;0;-1;0;34;0;2;0;0;0;-1;2;-1;0;2;0
"670";"org.eclipse.debug.internal.ui.views.memory";0;0;16;0;0;0;4;12;0;0;0;-1;0;297;0;5;2;0;0;-1;7;-1;0;3;8
"671";"org.eclipse.pde.internal.junit.runtime";0;0;4;0;0;0;0;4;0;0;0;-1;0;108;0;1;0;0;0;-1;1;-1;0;2;0
"672";"org.eclipse.ui.views.properties";0;0;5;0;0;0;1;4;0;0;0;-1;0;622;0;1;0;0;0;-1;1;-1;0;3;0
"673";"org.eclipse.team.internal.ccvs.core";0;0;5;0;0;0;0;5;0;0;0;-1;0;0;0;0;0;0;0;-1;0;-1;0;0;6
"674";"org.eclipse.jdt.internal.ui.jarpackager";0;0;6;0;0;0;1;5;0;0;0;-1;0;0;0;1;0;0;0;-1;1;-1;0;0;0
"675";"org.eclipse.jface.bindings";0;0;10;0;0;0;0;10;0;0;0;-1;0;60;0;6;0;0;0;-1;6;-1;0;1;1
"676";"org.eclipse.jdt.internal.ui.text.java";0;0;8;0;0;0;1;7;0;0;0;-1;0;119;0;2;1;0;0;-1;3;-1;0;3;13
"677";"org.eclipse.core.internal.events";0;0;7;0;0;0;0;7;0;0;0;-1;0;336;0;1;0;0;0;-1;1;-1;0;2;2
"678";"org.eclipse.jdt.internal.corext.textmanipulation";0;0;5;0;0;0;1;4;0;0;0;-1;0;0;0;0;1;0;0;-1;1;-1;0;0;0
"679";"org.eclipse.jface.text.presentation";0;0;4;0;0;0;2;2;0;0;0;-1;0;0;0;1;0;0;0;-1;1;-1;0;0;0
"680";"org.eclipse.ant.internal.ui.editor.outline";0;0;8;0;0;0;0;8;0;0;0;-1;0;32;0;4;0;0;0;-1;4;-1;0;2;0
"681";"org.eclipse.jdt.internal.compiler.parser";0;0;26;0;0;0;2;24;0;0;0;-1;0;681;0;14;1;0;0;-1;15;-1;0;4;15
"682";"org.eclipse.jface.text.projection";0;0;6;0;0;0;3;3;0;0;0;-1;0;0;0;0;1;0;0;-1;1;-1;0;0;0
"683";"org.eclipse.help.internal.browser";0;0;3;0;0;0;0;3;0;0;0;-1;0;18;0;1;0;0;0;-1;1;-1;0;2;0
